id,value,altitude,measurement_id
0,8.87204,190.6000064192,1
1,8.88361,190.1000064032,1
2,8.89083,189.6000063872,1
3,8.89806,188.8000063616,1
4,8.90529,188.2000063424,1
5,8.91396,187.6000063232,1
6,8.92263,187.3000063136,1
7,8.93419,186.9000063008,1
8,8.94575,186.500006288,1
9,8.95586,186.000006272,1
10,8.96887,185.6000062592,1
11,8.97898,185.1000062432,1
12,8.99198,184.500006224,1
13,9.00787,184.000006208,1
14,9.02376,183.500006192,1
15,9.0382,183.000006176,1
16,9.05119,182.50000616,1
17,9.0613,181.9000061408,1
18,9.06708,181.4000061248,1
19,9.06996,180.8000061056,1
20,9.07141,180.3000060896,1
21,9.07141,179.7000060704,1
22,9.06996,179.4000060608,1
23,9.06852,179.1000060512,1
24,9.06708,178.6000060352,1
25,9.06563,178.3000060256,1
26,9.06275,178.000006016,1
27,9.05986,177.500006,1
28,9.05841,177.000005984,1
29,9.05553,176.6000059712,1
30,9.05408,176.1000059552,1
31,9.05264,175.6000059392,1
32,9.05264,175.2000059264,1
33,9.05119,174.7000059104,1
34,9.05119,174.2000058944,1
35,9.04975,173.500005872,1
36,9.04975,172.8000058496,1
37,9.04975,172.1000058272,1
38,9.04975,171.8000058176,1
39,9.05553,171.4000058048,1
40,9.0613,170.9000057888,1
41,9.06852,170.2000057664,1
42,9.07718,169.500005744,1
43,9.08585,168.9000057248,1
44,9.09451,168.4000057088,1
45,9.10028,167.9000056928,1
46,9.10894,167.50000568,1
47,9.1176,166.9000056608,1
48,9.12482,166.3000056416,1
49,9.13059,165.9000056288,1
50,9.13637,165.500005616,1
51,9.14502,165.0000056,1
52,9.15368,164.500005584,1
53,9.16378,164.2000055744,1
54,9.17389,163.7000055584,1
55,9.18543,163.2000055424,1
56,9.19841,162.8000055296,1
57,9.20995,162.2000055104,1
58,9.22294,161.7000054944,1
59,9.23448,161.1000054752,1
60,9.24601,160.6000054592,1
61,9.25611,160.00000544,1
62,9.2662,159.500005424,1
63,9.27342,159.000005408,1
64,9.28063,158.4000053888,1
65,9.28783,158.000005376,1
66,9.2936,157.50000536,1
67,9.29937,157.3000053536,1
68,9.30514,156.8000053376,1
69,9.3109,156.4000053248,1
70,9.31667,155.9000053088,1
71,9.32676,155.4000052928,1
72,9.33541,154.8000052736,1
73,9.3455,154.3000052576,1
74,9.35703,153.8000052416,1
75,9.36856,153.3000052256,1
76,9.38009,152.8000052096,1
77,9.39306,152.1000051872,1
78,9.40459,151.6000051712,1
79,9.41468,151.1000051552,1
80,9.42332,150.6000051392,1
81,9.43052,150.1000051232,1
82,9.43485,149.6000051072,1
83,9.43917,149.000005088,1
84,9.44349,148.500005072,1
85,9.44637,148.1000050592,1
86,9.44925,147.6000050432,1
87,9.45069,147.1000050272,1
88,9.45213,146.500005008,1
89,9.45357,146.000004992,1
90,9.45357,145.4000049728,1
91,9.45357,144.9000049568,1
92,9.45213,144.4000049408,1
93,9.45069,143.8000049216,1
94,9.44925,143.2000049024,1
95,9.44637,142.9000048928,1
96,9.44349,142.50000488,1
97,9.44349,142.1000048672,1
98,9.44061,141.7000048544,1
99,9.43917,141.3000048416,1
100,9.43629,140.9000048288,1
101,9.43485,140.500004816,1
102,9.43196,140.1000048032,1
103,9.43052,139.7000047904,1
104,9.42908,139.000004768,1
105,9.42764,138.4000047488,1
106,9.4262,137.8000047296,1
107,9.4262,137.3000047136,1
108,9.42764,136.8000046976,1
109,9.42908,136.3000046816,1
110,9.43052,135.8000046656,1
111,9.4334,135.2000046464,1
112,9.43485,134.6000046272,1
113,9.43773,134.1000046112,1
114,9.44061,133.500004592,1
115,9.44493,133.000004576,1
116,9.44781,132.50000456,1
117,9.45213,132.000004544,1
118,9.45501,131.7000045344,1
119,9.45789,131.3000045216,1
120,9.46222,130.9000045088,1
121,9.4651,130.3000044896,1
122,9.46798,129.8000044736,1
123,9.47086,129.3000044576,1
124,9.47374,128.8000044416,1
125,9.47518,128.4000044288,1
126,9.47374,128.1000044192,1
127,9.46942,127.7000044064,1
128,9.4651,127.1000043872,1
129,9.45934,126.6000043712,1
130,9.45645,126.000004352,1
131,9.45645,125.6000043392,1
132,9.45645,125.3000043296,1
133,9.45501,124.8000043136,1
134,9.45213,124.500004304,1
135,9.44349,124.2000042944,1
136,9.43917,123.8000042816,1
137,9.43629,123.4000042688,1
138,9.43485,122.9000042528,1
139,9.43485,122.3000042336,1
140,9.43196,121.7000042144,1
141,9.42908,121.3000042016,1
142,9.41468,120.6000041792,1
143,9.38874,119.9000041568,1
144,9.36136,119.3000041376,1
145,9.33685,118.9000041248,1
146,9.321,118.500004112,1
147,9.30802,117.9000040928,1
148,9.29793,117.3000040736,1
149,9.28207,116.6000040512,1
150,9.25755,116.000004032,1
151,9.22582,115.6000040192,1
152,9.18976,115.2000040064,1
153,9.14791,114.8000039936,1
154,9.09739,114.2000039744,1
155,9.04253,113.7000039584,1
156,8.98765,113.2000039424,1
157,8.93274,112.7000039264,1
158,8.8677,112.2000039104,1
159,8.7983,111.8000038976,1
160,8.72163,111.2000038784,1
161,8.64637,110.6000038592,1
162,8.57541,110.00000384,1
163,8.50732,109.4000038208,1
164,8.4421,108.9000038048,1
165,8.3783,108.4000037888,1
166,8.31593,108.000003776,1
167,8.25207,107.50000376,1
168,8.19691,107.000003744,1
169,8.14607,106.500003728,1
170,8.09813,106.000003712,1
171,8.05162,105.4000036928,1
172,8.0051,104.8000036736,1
173,7.96001,104.4000036608,1
174,7.92365,104.000003648,1
175,7.89309,103.500003632,1
176,7.86398,103.000003616,1
177,7.83632,102.6000036032,1
178,7.80575,102.000003584,1
179,7.77371,101.500003568,1
180,7.74312,100.9000035488,1
181,7.71252,100.2000035264,1
182,7.68191,99.6000035072,1
183,7.6513,99.000003488,1
184,7.61923,98.500003472,1
185,7.58714,97.9000034528,1
186,7.55505,97.4000034368,1
187,7.52587,97.000003424,1
188,7.49814,96.500003408,1
189,7.46895,96.000003392,1
190,7.43974,95.500003376,1
191,7.41492,95.1000033632,1
192,7.39155,94.6000033472,1
193,7.37402,94.4000033408,1
194,7.35795,94.000003328,1
195,7.3448,93.500003312,1
196,7.34334,93.000003296,1
197,7.34918,92.6000032832,1
198,7.34772,92.2000032704,1
199,7.34041,91.6000032512,1
200,7.33311,90.9000032288,1
201,7.3258,90.3000032096,1
202,7.3258,89.7000031904,1
203,7.33457,89.1000031712,1
204,7.35064,88.7000031584,1
205,7.3711,88.2000031424,1
206,7.39885,87.8000031296,1
207,7.43098,87.2000031104,1
208,7.47041,86.6000030912,1
209,7.50982,86.1000030752,1
210,7.54921,85.500003056,1
211,7.58568,85.00000304,1
212,7.60464,84.4000030208,1
213,7.6061,83.8000030016,1
214,7.59152,83.3000029856,1
215,7.5711,82.8000029696,1
216,7.54921,82.4000029568,1
217,7.52587,82.000002944,1
218,7.50106,81.500002928,1
219,7.47624,81.1000029152,1
220,7.44851,80.7000029024,1
221,7.42222,80.2000028864,1
222,7.39593,79.8000028736,1
223,7.36671,79.4000028608,1
224,7.33895,78.9000028448,1
225,7.31118,78.4000028288,1
226,7.28633,77.9000028128,1
227,7.26294,77.5000028,1
228,7.24247,76.9000027808,1
229,7.22053,76.4000027648,1
230,7.20005,75.9000027488,1
231,7.18103,75.4000027328,1
232,7.16201,74.9000027168,1
233,7.14152,74.3000026976,1
234,7.12395,73.7000026784,1
235,7.10638,73.1000026592,1
236,7.09028,72.6000026432,1
237,7.07417,72.1000026272,1
238,7.05513,71.6000026112,1
239,7.03756,71.1000025952,1
240,7.02291,70.6000025792,1
241,7.00972,70.00000256,1
242,6.998,69.4000025408,1
243,6.98628,68.9000025248,1
244,6.97602,68.4000025088,1
245,6.96722,67.9000024928,1
246,6.95696,67.3000024736,1
247,6.94817,66.6000024512,1
248,6.93937,66.1000024352,1
249,6.93058,65.6000024192,1
250,6.92324,65.1000024032,1
251,6.91591,64.7000023904,1
252,6.90858,64.4000023808,1
253,6.90125,63.9000023648,1
254,6.89392,63.4000023488,1
255,6.88658,62.8000023296,1
256,6.87778,62.4000023168,1
257,6.87192,62.000002304,1
258,6.86458,61.500002288,1
259,6.85871,61.1000022752,1
260,6.85138,60.7000022624,1
261,6.84404,60.2000022464,1
262,6.83817,59.6000022272,1
263,6.8323,59.3000022176,1
264,6.82644,58.8000022016,1
265,6.8191,58.3000021856,1
266,6.80883,57.9000021728,1
267,6.79415,57.4000021568,1
268,6.77653,57.000002144,1
269,6.75892,56.500002128,1
270,6.73689,56.000002112,1
271,6.71046,55.6000020992,1
272,6.68255,55.00000208,1
273,6.65022,54.6000020672,1
274,6.61641,54.1000020512,1
275,6.57966,53.7000020384,1
276,6.54289,53.1000020192,1
277,6.50611,52.6000020032,1
278,6.47227,52.000001984,1
279,6.43988,51.500001968,1
280,6.40749,51.000001952,1
281,6.37362,50.4000019328,1
282,6.33826,49.9000019168,1
283,6.30289,49.3000018976,1
284,6.26456,48.8000018816,1
285,6.22769,48.2000018624,1
286,6.19081,47.8000018496,1
287,6.15392,47.50000184,1
288,6.11554,47.1000018272,1
289,6.07567,46.6000018112,1
290,6.03283,46.1000017952,1
291,5.98997,45.6000017792,1
292,5.94857,45.1000017632,1
293,5.90864,44.6000017472,1
294,5.87018,44.000001728,1
295,5.83022,43.500001712,1
296,5.79024,43.000001696,1
297,5.75173,42.6000016832,1
298,5.71321,42.1000016672,1
299,5.67616,41.6000016512,1
300,5.64206,41.1000016352,1
301,5.60794,40.6000016192,1
302,5.57827,40.1000016032,1
303,5.54711,39.500001584,1
304,5.51742,39.000001568,1
305,5.48772,38.6000015552,1
306,5.45802,38.1000015392,1
307,5.42682,37.6000015232,1
308,5.39709,37.000001504,1
309,5.36736,36.500001488,1
310,5.33613,36.000001472,1
311,5.3049,35.4000014528,1
312,5.27365,34.9000014368,1
313,5.24388,34.4000014208,1
314,5.21113,33.9000014048,1
315,5.17539,33.500001392,1
316,5.13963,33.000001376,1
317,5.10386,32.50000136,1
318,5.06957,32.000001344,1
319,5.03377,31.500001328,1
320,4.99648,31.000001312,1
321,4.95618,30.6000012992,1
322,4.91287,30.1000012832,1
323,4.86955,29.8000012736,1
324,4.82621,29.1000012512,1
325,4.78136,28.500001232,1
326,4.73049,27.9000012128,1
327,4.67811,27.3000011936,1
328,4.62869,26.8000011776,1
329,4.58075,26.3000011616,1
330,4.53578,25.7000011424,1
331,4.49229,25.2000011264,1
332,4.44878,24.7000011104,1
333,4.40675,24.2000010944,1
334,4.36319,23.8000010816,1
335,4.32263,23.4000010688,1
336,4.28355,23.000001056,1
337,4.24596,22.50000104,1
338,4.20534,21.9000010208,1
339,4.16621,21.500001008,1
340,4.12405,21.1000009952,1
341,4.08338,20.6000009792,1
342,4.0442,20.1000009632,1
343,4.00651,19.6000009472,1
344,3.97031,19.1000009312,1
345,3.9341,18.6000009152,1
346,3.89939,18.1000008992,1
347,3.86466,17.6000008832,1
348,3.83293,17.1000008672,1
349,3.8012,16.7000008544,1
350,3.77097,16.2000008384,1
351,3.73921,15.6000008192,1
352,3.70896,15.2000008064,1
353,3.67718,14.6000007872,1
354,3.64691,14.000000768,1
355,3.61662,13.500000752,1
356,3.58784,13.000000736,1
357,3.55753,12.4000007168,1
358,3.52722,11.9000007008,1
359,3.49992,11.500000688,1
360,3.47414,10.9500006704,1
361,3.44986,10.4500006544,1
362,3.42558,9.9500006384,1
363,3.40129,9.4500006224,1
364,3.37851,8.9500006064,1
365,3.35573,8.4500005904,1
366,3.33446,7.9500005744,1
367,3.31319,7.4500005584,1
368,3.29191,6.9500005424,1
369,3.27062,6.4500005264,1
370,3.25389,5.9500005104,1
371,3.23716,5.4500004944,1
372,3.22042,4.9500004784,1
373,3.20673,4.4500004624,1
374,3.189995,3.9500004464,1
375,3.174173,3.4500004304,1
376,3.158351,2.9500004144,1
377,3.142529,2.4500003984,1
378,3.126707,1.9500003824,1
379,3.110885,1.4500003664,1
380,3.095063,0.9500003504,1
381,3.079241,0.4500003344,1
382,18.97523,190.6000064192,7
383,18.95674,190.1000064032,7
384,18.94394,189.6000063872,7
385,18.92972,188.8000063616,7
386,18.91693,188.2000063424,7
387,18.90555,187.6000063232,7
388,18.89418,187.3000063136,7
389,18.88565,186.9000063008,7
390,18.87996,186.500006288,7
391,18.87428,186.000006272,7
392,18.87001,185.6000062592,7
393,18.8629,185.1000062432,7
394,18.85153,184.500006224,7
395,18.83732,184.000006208,7
396,18.82452,183.500006192,7
397,18.81173,183.000006176,7
398,18.79894,182.50000616,7
399,18.78615,181.9000061408,7
400,18.77193,181.4000061248,7
401,18.75914,180.8000061056,7
402,18.75204,180.3000060896,7
403,18.74635,179.7000060704,7
404,18.74919,179.4000060608,7
405,18.7563,179.1000060512,7
406,18.76056,178.6000060352,7
407,18.7563,178.3000060256,7
408,18.75204,178.000006016,7
409,18.74351,177.500006,7
410,18.73925,177.000005984,7
411,18.73356,176.6000059712,7
412,18.72788,176.1000059552,7
413,18.72219,175.6000059392,7
414,18.71509,175.2000059264,7
415,18.7094,174.7000059104,7
416,18.7023,174.2000058944,7
417,18.69519,173.500005872,7
418,18.68667,172.8000058496,7
419,18.67814,172.1000058272,7
420,18.67104,171.8000058176,7
421,18.66536,171.4000058048,7
422,18.66109,170.9000057888,7
423,18.65825,170.2000057664,7
424,18.65683,169.500005744,7
425,18.65257,168.9000057248,7
426,18.64831,168.4000057088,7
427,18.64547,167.9000056928,7
428,18.64547,167.50000568,7
429,18.65115,166.9000056608,7
430,18.65825,166.3000056416,7
431,18.66251,165.9000056288,7
432,18.66962,165.500005616,7
433,18.6753,165.0000056,7
434,18.68241,164.500005584,7
435,18.69093,164.2000055744,7
436,18.70514,163.7000055584,7
437,18.71367,163.2000055424,7
438,18.71509,162.8000055296,7
439,18.71509,162.2000055104,7
440,18.7094,161.7000054944,7
441,18.70372,161.1000054752,7
442,18.69662,160.6000054592,7
443,18.68667,160.00000544,7
444,18.67388,159.500005424,7
445,18.66251,159.000005408,7
446,18.64831,158.4000053888,7
447,18.63694,158.000005376,7
448,18.63126,157.50000536,7
449,18.627,157.3000053536,7
450,18.62131,156.8000053376,7
451,18.61563,156.4000053248,7
452,18.60711,155.9000053088,7
453,18.59858,155.4000052928,7
454,18.59432,154.8000052736,7
455,18.58864,154.3000052576,7
456,18.58012,153.8000052416,7
457,18.57159,153.3000052256,7
458,18.56307,152.8000052096,7
459,18.55455,152.1000051872,7
460,18.54745,151.6000051712,7
461,18.54603,151.1000051552,7
462,18.54887,150.6000051392,7
463,18.55029,150.1000051232,7
464,18.55313,149.6000051072,7
465,18.55455,149.000005088,7
466,18.55455,148.500005072,7
467,18.55597,148.1000050592,7
468,18.55739,147.6000050432,7
469,18.56023,147.1000050272,7
470,18.56307,146.500005008,7
471,18.56875,146.000004992,7
472,18.57301,145.4000049728,7
473,18.57728,144.9000049568,7
474,18.58296,144.4000049408,7
475,18.58722,143.8000049216,7
476,18.59432,143.2000049024,7
477,18.60427,142.9000048928,7
478,18.61279,142.50000488,7
479,18.61989,142.1000048672,7
480,18.62842,141.7000048544,7
481,18.6341,141.3000048416,7
482,18.63836,140.9000048288,7
483,18.64547,140.500004816,7
484,18.65541,140.1000048032,7
485,18.6682,139.7000047904,7
486,18.67956,139.000004768,7
487,18.68809,138.4000047488,7
488,18.69662,137.8000047296,7
489,18.7023,137.3000047136,7
490,18.71083,136.8000046976,7
491,18.71935,136.3000046816,7
492,18.72646,135.8000046656,7
493,18.73072,135.2000046464,7
494,18.73214,134.6000046272,7
495,18.73072,134.1000046112,7
496,18.72788,133.500004592,7
497,18.72788,133.000004576,7
498,18.7293,132.50000456,7
499,18.73214,132.000004544,7
500,18.72788,131.7000045344,7
501,18.72504,131.3000045216,7
502,18.71793,130.9000045088,7
503,18.71367,130.3000044896,7
504,18.71509,129.8000044736,7
505,18.72077,129.3000044576,7
506,18.72219,128.8000044416,7
507,18.71935,128.4000044288,7
508,18.71651,128.1000044192,7
509,18.71367,127.7000044064,7
510,18.71367,127.1000043872,7
511,18.71935,126.6000043712,7
512,18.72504,126.000004352,7
513,18.72646,125.6000043392,7
514,18.73072,125.3000043296,7
515,18.7364,124.8000043136,7
516,18.74067,124.500004304,7
517,18.74919,124.2000042944,7
518,18.76056,123.8000042816,7
519,18.76909,123.4000042688,7
520,18.77478,122.9000042528,7
521,18.78472,122.3000042336,7
522,18.79609,121.7000042144,7
523,18.80604,121.3000042016,7
524,18.81884,120.6000041792,7
525,18.83732,119.9000041568,7
526,18.85153,119.3000041376,7
527,18.86575,118.9000041248,7
528,18.87712,118.500004112,7
529,18.88565,117.9000040928,7
530,18.89276,117.3000040736,7
531,18.89844,116.6000040512,7
532,18.9084,116.000004032,7
533,18.91835,115.6000040192,7
534,18.92546,115.2000040064,7
535,18.92972,114.8000039936,7
536,18.93257,114.2000039744,7
537,18.93399,113.7000039584,7
538,18.93541,113.2000039424,7
539,18.93825,112.7000039264,7
540,18.94536,112.2000039104,7
541,18.9539,111.8000038976,7
542,18.95958,111.2000038784,7
543,18.96669,110.6000038592,7
544,18.97096,110.00000384,7
545,18.97523,109.4000038208,7
546,18.98234,108.9000038048,7
547,18.99656,108.4000037888,7
548,19.00936,108.000003776,7
549,19.01931,107.50000376,7
550,19.02927,107.000003744,7
551,19.03922,106.500003728,7
552,19.04918,106.000003712,7
553,19.06767,105.4000036928,7
554,19.09043,104.8000036736,7
555,19.11035,104.4000036608,7
556,19.12884,104.000003648,7
557,19.14449,103.500003632,7
558,19.16014,103.000003616,7
559,19.17864,102.6000036032,7
560,19.19429,102.000003584,7
561,19.20995,101.500003568,7
562,19.22418,100.9000035488,7
563,19.23841,100.2000035264,7
564,19.25406,99.6000035072,7
565,19.27114,99.000003488,7
566,19.28965,98.500003472,7
567,19.30673,97.9000034528,7
568,19.32381,97.4000034368,7
569,19.3409,97.000003424,7
570,19.36225,96.500003408,7
571,19.3893,96.000003392,7
572,19.41778,95.500003376,7
573,19.44626,95.1000033632,7
574,19.46905,94.6000033472,7
575,19.48899,94.4000033408,7
576,19.51036,94.000003328,7
577,19.53173,93.500003312,7
578,19.55025,93.000003296,7
579,19.56592,92.6000032832,7
580,19.57589,92.2000032704,7
581,19.58301,91.6000032512,7
582,19.59441,90.9000032288,7
583,19.60439,90.3000032096,7
584,19.61294,89.7000031904,7
585,19.62006,89.1000031712,7
586,19.62149,88.7000031584,7
587,19.62434,88.2000031424,7
588,19.63289,87.8000031296,7
589,19.64144,87.2000031104,7
590,19.64571,86.6000030912,7
591,19.65141,86.1000030752,7
592,19.65284,85.500003056,7
593,19.65284,85.00000304,7
594,19.65711,84.4000030208,7
595,19.66709,83.8000030016,7
596,19.67849,83.3000029856,7
597,19.69275,82.8000029696,7
598,19.707,82.4000029568,7
599,19.72838,82.000002944,7
600,19.74834,81.500002928,7
601,19.76687,81.1000029152,7
602,19.78113,80.7000029024,7
603,19.78969,80.2000028864,7
604,19.79539,79.8000028736,7
605,19.79824,79.4000028608,7
606,19.80109,78.9000028448,7
607,19.79824,78.4000028288,7
608,19.79397,77.9000028128,7
609,19.79111,77.5000028,7
610,19.78826,76.9000027808,7
611,19.78541,76.4000027648,7
612,19.78256,75.9000027488,7
613,19.77828,75.4000027328,7
614,19.774,74.9000027168,7
615,19.77115,74.3000026976,7
616,19.76973,73.7000026784,7
617,19.76973,73.1000026592,7
618,19.76973,72.6000026432,7
619,19.7683,72.1000026272,7
620,19.7683,71.6000026112,7
621,19.76973,71.1000025952,7
622,19.77686,70.6000025792,7
623,19.78684,70.00000256,7
624,19.79539,69.4000025408,7
625,19.80109,68.9000025248,7
626,19.80537,68.4000025088,7
627,19.81393,67.9000024928,7
628,19.82819,67.3000024736,7
629,19.8453,66.6000024512,7
630,19.8667,66.1000024352,7
631,19.88524,65.6000024192,7
632,19.90378,65.1000024032,7
633,19.91947,64.7000023904,7
634,19.93659,64.4000023808,7
635,19.95514,63.9000023648,7
636,19.97511,63.4000023488,7
637,19.99509,62.8000023296,7
638,20.01221,62.4000023168,7
639,20.03219,62.000002304,7
640,20.05217,61.500002288,7
641,20.07501,61.1000022752,7
642,20.09785,60.7000022624,7
643,20.11784,60.2000022464,7
644,20.13925,59.6000022272,7
645,20.16067,59.3000022176,7
646,20.18209,58.8000022016,7
647,20.20208,58.3000021856,7
648,20.21779,57.9000021728,7
649,20.23064,57.4000021568,7
650,20.24207,57.000002144,7
651,20.25064,56.500002128,7
652,20.26064,56.000002112,7
653,20.27635,55.6000020992,7
654,20.29635,55.00000208,7
655,20.31636,54.6000020672,7
656,20.33207,54.1000020512,7
657,20.33922,53.7000020384,7
658,20.34207,53.1000020192,7
659,20.34636,52.6000020032,7
660,20.35208,52.000001984,7
661,20.35351,51.500001968,7
662,20.35208,51.000001952,7
663,20.35208,50.4000019328,7
664,20.35493,49.9000019168,7
665,20.35779,49.3000018976,7
666,20.36351,48.8000018816,7
667,20.37065,48.2000018624,7
668,20.3778,47.8000018496,7
669,20.38352,47.50000184,7
670,20.39066,47.1000018272,7
671,20.39924,46.6000018112,7
672,20.40781,46.1000017952,7
673,20.41782,45.6000017792,7
674,20.42639,45.1000017632,7
675,20.43497,44.6000017472,7
676,20.44498,44.000001728,7
677,20.45784,43.500001712,7
678,20.47214,43.000001696,7
679,20.48787,42.6000016832,7
680,20.5036,42.1000016672,7
681,20.51504,41.6000016512,7
682,20.52791,41.1000016352,7
683,20.54364,40.6000016192,7
684,20.55651,40.1000016032,7
685,20.56652,39.500001584,7
686,20.57367,39.000001568,7
687,20.58225,38.6000015552,7
688,20.59227,38.1000015392,7
689,20.608,37.6000015232,7
690,20.62088,37.000001504,7
691,20.63232,36.500001488,7
692,20.63947,36.000001472,7
693,20.64806,35.4000014528,7
694,20.65807,34.9000014368,7
695,20.67238,34.4000014208,7
696,20.68526,33.9000014048,7
697,20.69957,33.500001392,7
698,20.70959,33.000001376,7
699,20.71961,32.50000136,7
700,20.7282,32.000001344,7
701,20.73106,31.500001328,7
702,20.73535,31.000001312,7
703,20.74108,30.6000012992,7
704,20.74537,30.1000012832,7
705,20.74823,29.8000012736,7
706,20.7511,29.1000012512,7
707,20.75539,28.500001232,7
708,20.75682,27.9000012128,7
709,20.75539,27.3000011936,7
710,20.75396,26.8000011776,7
711,20.75253,26.3000011616,7
712,20.7511,25.7000011424,7
713,20.75253,25.2000011264,7
714,20.75539,24.7000011104,7
715,20.75825,24.2000010944,7
716,20.75825,23.8000010816,7
717,20.75682,23.4000010688,7
718,20.75539,23.000001056,7
719,20.76255,22.50000104,7
720,20.774,21.9000010208,7
721,20.78689,21.500001008,7
722,20.79691,21.1000009952,7
723,20.80407,20.6000009792,7
724,20.81266,20.1000009632,7
725,20.82268,19.6000009472,7
726,20.8327,19.1000009312,7
727,20.83843,18.6000009152,7
728,20.84273,18.1000008992,7
729,20.84702,17.6000008832,7
730,20.84846,17.1000008672,7
731,20.84846,16.7000008544,7
732,20.85132,16.2000008384,7
733,20.85991,15.6000008192,7
734,20.87137,15.2000008064,7
735,20.88139,14.6000007872,7
736,20.89285,14.000000768,7
737,20.90145,13.500000752,7
738,20.91291,13.000000736,7
739,20.93153,12.4000007168,7
740,20.95015,11.9000007008,7
741,20.95588,11.500000688,7
742,20.9706157142857,10.9500006704,7
743,20.9837639285714,10.4500006544,7
744,20.9969121428571,9.9500006384,7
745,21.0100603571429,9.4500006224,7
746,21.0232085714286,8.9500006064,7
747,21.0363567857143,8.4500005904,7
748,21.049505,7.9500005744,7
749,21.0626532142857,7.4500005584,7
750,21.0758014285714,6.9500005424,7
751,21.0889496428571,6.4500005264,7
752,21.1020978571429,5.9500005104,7
753,21.1152460714286,5.4500004944,7
754,21.1283942857143,4.9500004784,7
755,21.1415425,4.4500004624,7
756,21.1546907142857,3.9500004464,7
757,21.1678389285714,3.4500004304,7
758,21.1809871428571,2.9500004144,7
759,21.1941353571429,2.4500003984,7
760,21.2072835714286,1.9500003824,7
761,21.2204317857143,1.4500003664,7
762,21.23358,0.9500003504,7
763,21.2467282142857,0.4500003344,7
764,5.58124,240,2
765,5.69691,239.6,2
766,5.81097,239,2
767,5.919,238.5,2
768,6.02544,238,2
769,6.13178,237.6,2
770,6.23801,237.4,2
771,6.34415,237.2,2
772,6.45019,236.7,2
773,6.55025,236.1,2
774,6.64581,235.2,2
775,6.73542,234.7,2
776,6.8191,234.1,2
777,6.89832,233.1,2
778,6.97309,232.4,2
779,7.04634,232.3,2
780,7.11663,232.4,2
781,7.18542,232.3,2
782,7.24832,231.9,2
783,7.30972,231.7,2
784,7.36671,231.3,2
785,7.4193,230.9,2
786,7.46749,230.3,2
787,7.51565,229.7,2
788,7.56089,229.2,2
789,7.60319,228.9,2
790,7.64401,228.9,2
791,7.68337,228.7,2
792,7.72126,228.6,2
793,7.75623,227.9,2
794,7.78827,227.2,2
795,7.82176,226.8,2
796,7.85379,226.5,2
797,7.88436,226,2
798,7.91201,225.5,2
799,7.9411,224.8,2
800,7.96874,224,2
801,7.99492,223.4,2
802,8.01818,223,2
803,8.0429,222.7,2
804,8.06761,222.3,2
805,8.09086,221.8,2
806,8.11266,221.4,2
807,8.133,221.1,2
808,8.15479,220.8,2
809,8.17512,220.3,2
810,8.194,219.8,2
811,8.20997,219.1,2
812,8.2274,218.7,2
813,8.24337,217.9,2
814,8.26078,217.2,2
815,8.2753,216.4,2
816,8.28836,215.7,2
817,8.30142,214.8,2
818,8.31448,214.3,2
819,8.32608,214.2,2
820,8.33769,213.9,2
821,8.3493,213.2,2
822,8.36235,212.6,2
823,8.37395,211.8,2
824,8.38556,211.1,2
825,8.40006,210.5,2
826,8.41311,210,2
827,8.42471,209.9,2
828,8.43485,209.6,2
829,8.445,209.6,2
830,8.45515,209.3,2
831,8.4653,208.9,2
832,8.47689,208.6,2
833,8.48704,208.2,2
834,8.49718,207.6,2
835,8.50877,207.2,2
836,8.51892,206.3,2
837,8.53051,205.8,2
838,8.5421,205.2,2
839,8.55513,204.7,2
840,8.56817,204.1,2
841,8.58121,203.5,2
842,8.59424,202.9,2
843,8.60727,202.5,2
844,8.62031,201.9,2
845,8.63044,201.3,2
846,8.64058,200.5,2
847,8.65216,199.7,2
848,8.66084,199.4,2
849,8.67098,198.8,2
850,8.67966,198.3,2
851,8.68834,197.7,2
852,8.69703,196.8,2
853,8.70426,196,2
854,8.71295,195.4,2
855,8.72307,194.8,2
856,8.73176,194.5,2
857,8.73754,194.2,2
858,8.74478,193.8,2
859,8.75346,193.3,2
860,8.76069,193,2
861,8.76648,192.8,2
862,8.77371,191.9,2
863,8.78094,191.3,2
864,8.78817,190.5,2
865,8.79541,189.7,2
866,8.80119,189.2,2
867,8.80698,188.5,2
868,8.81421,187.9,2
869,8.82433,187.5,2
870,8.83301,186.9,2
871,8.84024,186.6,2
872,8.84891,186.3,2
873,8.85469,186,2
874,8.86337,185.7,2
875,8.8706,185.2,2
876,8.87927,184.6,2
877,8.88939,184,2
878,8.89951,183,2
879,8.90673,182.1,2
880,8.9154,181.4,2
881,8.92407,180.7,2
882,8.93274,180.3,2
883,8.94141,179.6,2
884,8.95008,179.1,2
885,8.95731,178.7,2
886,8.96598,178.4,2
887,8.97465,178.1,2
888,8.98331,177.8,2
889,8.99198,177.5,2
890,9.00209,177.3,2
891,9.01076,177.2,2
892,9.02231,176.8,2
893,9.03387,176.2,2
894,9.04542,175.9,2
895,9.05697,175.4,2
896,9.06708,174.9,2
897,9.07718,174.3,2
898,9.08585,173.8,2
899,9.09595,173.3,2
900,9.10606,172.8,2
901,9.1176,172.3,2
902,9.12771,171.7,2
903,9.13637,170.9,2
904,9.14358,170.2,2
905,9.15224,169.5,2
906,9.15946,168.8,2
907,9.16956,168.4,2
908,9.17821,167.9,2
909,9.18831,167.5,2
910,9.19986,167.1,2
911,9.20851,166.6,2
912,9.21717,166.2,2
913,9.22438,166,2
914,9.23015,165.5,2
915,9.23592,165.5,2
916,9.24457,165.3,2
917,9.25323,164.8,2
918,9.25899,164.4,2
919,9.26765,163.8,2
920,9.2763,163.4,2
921,9.28639,163,2
922,9.29649,162.5,2
923,9.30802,161.9,2
924,9.31667,161.2,2
925,9.32676,160.4,2
926,9.33685,159.9,2
927,9.3455,159.1,2
928,9.35703,158.5,2
929,9.36712,157.8,2
930,9.37721,157.4,2
931,9.38586,157,2
932,9.39306,156.8,2
933,9.40171,156.5,2
934,9.41035,155.9,2
935,9.419,155.4,2
936,9.42764,154.5,2
937,9.43485,153.9,2
938,9.44061,153.3,2
939,9.44925,153,2
940,9.45501,152.5,2
941,9.46222,151.8,2
942,9.46798,150.8,2
943,9.4723,150.4,2
944,9.47806,149.6,2
945,9.48526,149,2
946,9.4939,148.2,2
947,9.49966,147.8,2
948,9.50542,147.5,2
949,9.5083,147.1,2
950,9.51262,146.8,2
951,9.51838,146.3,2
952,9.52702,145.7,2
953,9.5371,145.2,2
954,9.54718,144.7,2
955,9.55582,144.3,2
956,9.56158,143.7,2
957,9.56878,143.1,2
958,9.57885,142.5,2
959,9.58893,142,2
960,9.599,141.4,2
961,9.60476,141,2
962,9.61052,140.6,2
963,9.61771,140.1,2
964,9.62491,139.6,2
965,9.6321,139.1,2
966,9.63642,138.7,2
967,9.64218,138.2,2
968,9.64649,137.6,2
969,9.65225,137.2,2
970,9.65657,136.6,2
971,9.66088,135.9,2
972,9.6652,135.7,2
973,9.66952,134.8,2
974,9.67527,134.2,2
975,9.67959,133.6,2
976,9.68103,133.3,2
977,9.68534,133,2
978,9.68678,132.4,2
979,9.6911,131.9,2
980,9.69541,131.2,2
981,9.69973,130.5,2
982,9.70548,129.8,2
983,9.71123,129.1,2
984,9.71699,128.7,2
985,9.71986,128.1,2
986,9.7213,127.5,2
987,9.72418,126.9,2
988,9.72562,126.6,2
989,9.72849,125.8,2
990,9.72993,125.5,2
991,9.72993,125.2,2
992,9.72993,125,2
993,9.72849,124.7,2
994,9.72706,124.3,2
995,9.72562,124,2
996,9.72562,123.6,2
997,9.7213,123.2,2
998,9.71843,122.8,2
999,9.71411,122.5,2
1000,9.70836,122.4,2
1001,9.70404,122.2,2
1002,9.69829,121.9,2
1003,9.6911,121.5,2
1004,9.68534,121.1,2
1005,9.67815,120.6,2
1006,9.66952,120.1,2
1007,9.66232,119.8,2
1008,9.65513,119.4,2
1009,9.64793,118.9,2
1010,9.64074,118.4,2
1011,9.6321,117.9,2
1012,9.62491,117.4,2
1013,9.61771,116.9,2
1014,9.60908,116.5,2
1015,9.60332,116,2
1016,9.59612,115.4,2
1017,9.59037,114.6,2
1018,9.58461,113.7,2
1019,9.57885,112.9,2
1020,9.57165,112.2,2
1021,9.5659,111.8,2
1022,9.56014,111.4,2
1023,9.55438,110.9,2
1024,9.54862,110.5,2
1025,9.54286,110,2
1026,9.5371,109.4,2
1027,9.53134,109,2
1028,9.52558,108.5,2
1029,9.51982,108,2
1030,9.51406,107.6,2
1031,9.50974,107.1,2
1032,9.50398,106.7,2
1033,9.49822,106.3,2
1034,9.4939,106,2
1035,9.48814,105.6,2
1036,9.48382,105.2,2
1037,9.48094,104.7,2
1038,9.47518,103.9,2
1039,9.47374,103.3,2
1040,9.46942,102.7,2
1041,9.46654,102.1,2
1042,9.46222,101.6,2
1043,9.45934,101.1,2
1044,9.45645,100.6,2
1045,9.45357,100,2
1046,9.45069,99.3,2
1047,9.44781,98.8,2
1048,9.44637,98.4,2
1049,9.44349,98.1,2
1050,9.44061,97.8,2
1051,9.43773,97.2,2
1052,9.43629,96.6,2
1053,9.43196,96.2,2
1054,9.43052,95.6,2
1055,9.42764,95.3,2
1056,9.4262,95,2
1057,9.42476,94.8,2
1058,9.42332,94.2,2
1059,9.42188,93.6,2
1060,9.419,93.1,2
1061,9.41756,92.4,2
1062,9.41612,92,2
1063,9.41468,91.3,2
1064,9.41323,90.8,2
1065,9.41179,90.1,2
1066,9.41035,89.7,2
1067,9.40891,89.3,2
1068,9.40747,88.7,2
1069,9.40603,88.1,2
1070,9.40459,87.5,2
1071,9.40315,86.7,2
1072,9.40171,86.2,2
1073,9.40027,85.7,2
1074,9.39883,85.3,2
1075,9.39738,84.7,2
1076,9.39594,84.3,2
1077,9.3945,83.9,2
1078,9.39306,83.3,2
1079,9.39018,82.8,2
1080,9.38874,82.3,2
1081,9.38441,82,2
1082,9.37577,81.3,2
1083,9.36568,80.5,2
1084,9.35703,79.9,2
1085,9.34838,79.3,2
1086,9.33397,78.6,2
1087,9.31523,78.3,2
1088,9.29504,77.7,2
1089,9.27486,77,2
1090,9.25467,76.4,2
1091,9.23303,75.9,2
1092,9.20995,75.4,2
1093,9.18254,75.1,2
1094,9.15368,74.6,2
1095,9.12626,74.2,2
1096,9.10172,73.6,2
1097,9.07574,73.1,2
1098,9.04542,72.6,2
1099,9.01942,72.1,2
1100,8.98909,71.7,2
1101,8.9443,71.3,2
1102,8.89661,70.8,2
1103,8.85614,70.4,2
1104,8.81421,69.9,2
1105,8.75635,69.4,2
1106,8.6869,69,2
1107,8.60583,68.3,2
1108,8.51892,67.9,2
1109,8.43341,67.6,2
1110,8.35945,67.2,2
1111,8.29561,66.9,2
1112,8.21723,66.2,2
1113,8.133,65.7,2
1114,8.04726,65.2,2
1115,7.96292,64.6,2
1116,7.87708,64.1,2
1117,7.78827,63.4,2
1118,7.69357,62.9,2
1119,7.59589,62.4,2
1120,7.49814,61.9,2
1121,7.40177,61.4,2
1122,7.30241,60.9,2
1123,7.19566,60.4,2
1124,7.08589,59.8,2
1125,6.97748,59.4,2
1126,6.87338,58.8,2
1127,6.7736,58.3,2
1128,6.67667,58,2
1129,6.57966,57.6,2
1130,6.47815,57.2,2
1131,6.3692,56.8,2
1132,6.25424,56.2,2
1133,6.13768,55.6,2
1134,6.02248,55,2
1135,5.90864,54.5,2
1136,5.80061,54.1,2
1137,5.69246,53.7,2
1138,5.58124,53,2
1139,5.46841,52.5,2
1140,5.35993,52,2
1141,5.2543,51.5,2
1142,5.15155,51,2
1143,5.04869,50.4,2
1144,4.95468,50,2
1145,4.86357,49.5,2
1146,4.77537,49.1,2
1147,4.68709,48.8,2
1148,4.60472,48.4,2
1149,4.52678,48.1,2
1150,4.45328,47.7,2
1151,4.38272,47.1,2
1152,4.31512,46.6,2
1153,4.25498,46.1,2
1154,4.19782,45.7,2
1155,4.14514,45.1,2
1156,4.09242,44.5,2
1157,4.04119,43.9,2
1158,3.99143,43.2,2
1159,3.94467,42.7,2
1160,3.9009,42.3,2
1161,3.86164,41.8,2
1162,3.82236,41.2,2
1163,3.78004,40.7,2
1164,3.74073,40,2
1165,3.70139,39.3,2
1166,3.66053,38.8,2
1167,3.62117,38.3,2
1168,3.58481,38,2
1169,3.54996,37.9,2
1170,3.51509,37.5,2
1171,3.48021,37.1,2
1172,3.44683,36.8,2
1173,3.41496,36.2,2
1174,3.38915,35.6,2
1175,3.36485,34.9,2
1176,3.34206,34.2,2
1177,3.32079,33.8,2
1178,3.30103,33.3,2
1179,3.28126,32.8,2
1180,3.26454,32.2,2
1181,3.25085,31.7,2
1182,3.23868,31.2,2
1183,3.22499,30.7,2
1184,3.20825,30.1,2
1185,3.19151,29.3,2
1186,3.1702,28.8,2
1187,3.14736,28.1,2
1188,3.12604,27.5,2
1189,3.10166,26.9,2
1190,3.07728,26.5,2
1191,3.05289,26,2
1192,3.0285,25.4,2
1193,3.00714,25,2
1194,2.98731,24.6,2
1195,2.96747,24.2,2
1196,2.94916,23.6,2
1197,2.93389,23,2
1198,2.9171,22.5,2
1199,2.89877,21.8,2
1200,2.88197,21.4,2
1201,2.86516,20.6,2
1202,2.85141,20.1,2
1203,2.83765,19.5,2
1204,2.82543,19,2
1205,2.81472,18.4,2
1206,2.80096,17.7,2
1207,2.78108,17.3,2
1208,2.7566,16.7,2
1209,2.73059,16.2,2
1210,2.70763,15.6,2
1211,2.68466,15.1,2
1212,2.66169,14.6,2
1213,2.64484,14.2,2
1214,2.62951,13.7,2
1215,2.61879,13.2,2
1216,2.60959,12.7,2
1217,2.60039,12,2
1218,2.58966,11.4,2
1219,2.57893,11,2
1220,2.56819,10.4,2
1221,2.55439,10,2
1222,2.54059,9.6,2
1223,2.52524,9.2,2
1224,2.5099,8.8,2
1225,2.49608,8.4,2
1226,2.4838,8,2
1227,2.47306,7.6,2
1228,2.46538,7.3,2
1229,2.45924,6.9,2
1230,2.45463,6.4,2
1231,2.45463,6,2
1232,2.45309,5.5,2
1233,2.45309,5,2
1234,2.45156,4.4,2
1235,2.44541,3.9,2
1236,2.43466,3.4,2
1237,2.42237,3,2
1238,2.41008,2.5,2
1239,2.40086,2,2
1240,2.39318,1.5,2
1241,2.38549,1.1,2
1242,2.37473,0.699999999999999,2
1243,2.36551,0.4,2
1244,2.35628,0.0999999999999996,2
1245,2.35167,0.199999999999999,2
1246,2.34705,0.0999999999999996,2
1247,2.34552,0.0999999999999996,2
1248,9.3282,240,4
1249,9.30946,239.6,4
1250,9.29649,239,4
1251,9.28783,238.5,4
1252,9.28207,238,4
1253,9.27918,237.6,4
1254,9.27774,237.4,4
1255,9.27918,237.2,4
1256,9.28063,236.7,4
1257,9.28063,236.1,4
1258,9.27774,235.2,4
1259,9.27342,234.7,4
1260,9.26765,234.1,4
1261,9.27342,233.1,4
1262,9.28063,232.4,4
1263,9.28783,232.3,4
1264,9.29649,232.4,4
1265,9.30225,232.3,4
1266,9.3109,231.9,4
1267,9.32532,231.7,4
1268,9.34118,231.3,4
1269,9.36136,230.9,4
1270,9.38009,230.3,4
1271,9.40027,229.7,4
1272,9.41756,229.2,4
1273,9.4334,228.9,4
1274,9.44637,228.9,4
1275,9.45645,228.7,4
1276,9.46366,228.6,4
1277,9.47086,227.9,4
1278,9.47806,227.2,4
1279,9.48382,226.8,4
1280,9.4867,226.5,4
1281,9.48958,226,4
1282,9.4867,225.5,4
1283,9.48094,224.8,4
1284,9.4723,224,4
1285,9.4651,223.4,4
1286,9.45645,223,4
1287,9.44925,222.7,4
1288,9.44205,222.3,4
1289,9.43773,221.8,4
1290,9.43773,221.4,4
1291,9.43773,221.1,4
1292,9.44205,220.8,4
1293,9.44781,220.3,4
1294,9.44925,219.8,4
1295,9.44781,219.1,4
1296,9.44493,218.7,4
1297,9.44061,217.9,4
1298,9.4334,217.2,4
1299,9.42332,216.4,4
1300,9.41179,215.7,4
1301,9.40027,214.8,4
1302,9.38874,214.3,4
1303,9.37865,214.2,4
1304,9.37,213.9,4
1305,9.36136,213.2,4
1306,9.36136,212.6,4
1307,9.36712,211.8,4
1308,9.37721,211.1,4
1309,9.38874,210.5,4
1310,9.39738,210,4
1311,9.40315,209.9,4
1312,9.40603,209.6,4
1313,9.41035,209.6,4
1314,9.41179,209.3,4
1315,9.40747,208.9,4
1316,9.39594,208.6,4
1317,9.38297,208.2,4
1318,9.36856,207.6,4
1319,9.35415,207.2,4
1320,9.34118,206.3,4
1321,9.32964,205.8,4
1322,9.31955,205.2,4
1323,9.30802,204.7,4
1324,9.29649,204.1,4
1325,9.28639,203.5,4
1326,9.27774,202.9,4
1327,9.27197,202.5,4
1328,9.27197,201.9,4
1329,9.27342,201.3,4
1330,9.28207,200.5,4
1331,9.29072,199.7,4
1332,9.30081,199.4,4
1333,9.31523,198.8,4
1334,9.3282,198.3,4
1335,9.34118,197.7,4
1336,9.35271,196.8,4
1337,9.3628,196,4
1338,9.37144,195.4,4
1339,9.37865,194.8,4
1340,9.38441,194.5,4
1341,9.39162,194.2,4
1342,9.39594,193.8,4
1343,9.39883,193.3,4
1344,9.40459,193,4
1345,9.41179,192.8,4
1346,9.42044,191.9,4
1347,9.42764,191.3,4
1348,9.43196,190.5,4
1349,9.43773,189.7,4
1350,9.44349,189.2,4
1351,9.45069,188.5,4
1352,9.45645,187.9,4
1353,9.46222,187.5,4
1354,9.46654,186.9,4
1355,9.47374,186.6,4
1356,9.47806,186.3,4
1357,9.48238,186,4
1358,9.48238,185.7,4
1359,9.47806,185.2,4
1360,9.47374,184.6,4
1361,9.46942,184,4
1362,9.4651,183,4
1363,9.46222,182.1,4
1364,9.45789,181.4,4
1365,9.45934,180.7,4
1366,9.4651,180.3,4
1367,9.46798,179.6,4
1368,9.4723,179.1,4
1369,9.47374,178.7,4
1370,9.47086,178.4,4
1371,9.46942,178.1,4
1372,9.46942,177.8,4
1373,9.46654,177.5,4
1374,9.46798,177.3,4
1375,9.47518,177.2,4
1376,9.48382,176.8,4
1377,9.48814,176.2,4
1378,9.49246,175.9,4
1379,9.49534,175.4,4
1380,9.49678,174.9,4
1381,9.50254,174.3,4
1382,9.51118,173.8,4
1383,9.51982,173.3,4
1384,9.5299,172.8,4
1385,9.5371,172.3,4
1386,9.54286,171.7,4
1387,9.55006,170.9,4
1388,9.56158,170.2,4
1389,9.57022,169.5,4
1390,9.57741,168.8,4
1391,9.58461,168.4,4
1392,9.59037,167.9,4
1393,9.59612,167.5,4
1394,9.60332,167.1,4
1395,9.60764,166.6,4
1396,9.61052,166.2,4
1397,9.61484,166,4
1398,9.62059,165.5,4
1399,9.62635,165.5,4
1400,9.63067,165.3,4
1401,9.63642,164.8,4
1402,9.64074,164.4,4
1403,9.64506,163.8,4
1404,9.64793,163.4,4
1405,9.65225,163,4
1406,9.65801,162.5,4
1407,9.6652,161.9,4
1408,9.67383,161.2,4
1409,9.67959,160.4,4
1410,9.6839,159.9,4
1411,9.68534,159.1,4
1412,9.68678,158.5,4
1413,9.68534,157.8,4
1414,9.68678,157.4,4
1415,9.68678,157,4
1416,9.68822,156.8,4
1417,9.68966,156.5,4
1418,9.68678,155.9,4
1419,9.68678,155.4,4
1420,9.68534,154.5,4
1421,9.6839,153.9,4
1422,9.68534,153.3,4
1423,9.68678,153,4
1424,9.68966,152.5,4
1425,9.68966,151.8,4
1426,9.6911,150.8,4
1427,9.69541,150.4,4
1428,9.69829,149.6,4
1429,9.70548,149,4
1430,9.71267,148.2,4
1431,9.71843,147.8,4
1432,9.72706,147.5,4
1433,9.73137,147.1,4
1434,9.73137,146.8,4
1435,9.73137,146.3,4
1436,9.73281,145.7,4
1437,9.73281,145.2,4
1438,9.73281,144.7,4
1439,9.73281,144.3,4
1440,9.73137,143.7,4
1441,9.72993,143.1,4
1442,9.73425,142.5,4
1443,9.74144,142,4
1444,9.74863,141.4,4
1445,9.75726,141,4
1446,9.76589,140.6,4
1447,9.77739,140.1,4
1448,9.79033,139.6,4
1449,9.79896,139.1,4
1450,9.80471,138.7,4
1451,9.8119,138.2,4
1452,9.81621,137.6,4
1453,9.82196,137.2,4
1454,9.82915,136.6,4
1455,9.82915,135.9,4
1456,9.83058,135.7,4
1457,9.83346,134.8,4
1458,9.8349,134.2,4
1459,9.83777,133.6,4
1460,9.84208,133.3,4
1461,9.84783,133,4
1462,9.85358,132.4,4
1463,9.85933,131.9,4
1464,9.86508,131.2,4
1465,9.86795,130.5,4
1466,9.87227,129.8,4
1467,9.87945,129.1,4
1468,9.88664,128.7,4
1469,9.89238,128.1,4
1470,9.89813,127.5,4
1471,9.90244,126.9,4
1472,9.91106,126.6,4
1473,9.91681,125.8,4
1474,9.92112,125.5,4
1475,9.92687,125.2,4
1476,9.92974,125,4
1477,9.92974,124.7,4
1478,9.92687,124.3,4
1479,9.92543,124,4
1480,9.92112,123.6,4
1481,9.91394,123.2,4
1482,9.90388,122.8,4
1483,9.89957,122.5,4
1484,9.90101,122.4,4
1485,9.90244,122.2,4
1486,9.90963,121.9,4
1487,9.91681,121.5,4
1488,9.924,121.1,4
1489,9.93262,120.6,4
1490,9.94124,120.1,4
1491,9.94698,119.8,4
1492,9.9556,119.4,4
1493,9.96853,118.9,4
1494,9.97715,118.4,4
1495,9.98577,117.9,4
1496,9.99582,117.4,4
1497,10.00587,116.9,4
1498,10.01449,116.5,4
1499,10.0231,116,4
1500,10.03316,115.4,4
1501,10.04321,114.6,4
1502,10.05182,113.7,4
1503,10.06044,112.9,4
1504,10.07336,112.2,4
1505,10.08484,111.8,4
1506,10.09346,111.4,4
1507,10.1035,110.9,4
1508,10.11212,110.5,4
1509,10.12216,110,4
1510,10.12934,109.4,4
1511,10.13795,109,4
1512,10.14513,108.5,4
1513,10.148,108,4
1514,10.14943,107.6,4
1515,10.15087,107.1,4
1516,10.15087,106.7,4
1517,10.15517,106.3,4
1518,10.16091,106,4
1519,10.16522,105.6,4
1520,10.16665,105.2,4
1521,10.16809,104.7,4
1522,10.16952,103.9,4
1523,10.16952,103.3,4
1524,10.17096,102.7,4
1525,10.17239,102.1,4
1526,10.17526,101.6,4
1527,10.18243,101.1,4
1528,10.18674,100.6,4
1529,10.19535,100,4
1530,10.20395,99.3,4
1531,10.214,98.8,4
1532,10.22547,98.4,4
1533,10.23551,98.1,4
1534,10.23982,97.8,4
1535,10.24125,97.2,4
1536,10.24125,96.6,4
1537,10.23982,96.2,4
1538,10.23838,95.6,4
1539,10.24269,95.3,4
1540,10.24556,95,4
1541,10.24556,94.8,4
1542,10.24699,94.2,4
1543,10.24699,93.6,4
1544,10.25416,93.1,4
1545,10.26133,92.4,4
1546,10.26707,92,4
1547,10.27424,91.3,4
1548,10.28285,90.8,4
1549,10.29145,90.1,4
1550,10.29862,89.7,4
1551,10.30579,89.3,4
1552,10.31583,88.7,4
1553,10.32013,88.1,4
1554,10.32013,87.5,4
1555,10.31726,86.7,4
1556,10.32013,86.2,4
1557,10.32873,85.7,4
1558,10.33447,85.3,4
1559,10.33733,84.7,4
1560,10.33733,84.3,4
1561,10.3359,83.9,4
1562,10.33016,83.3,4
1563,10.3273,82.8,4
1564,10.32443,82.3,4
1565,10.31439,82,4
1566,10.30292,81.3,4
1567,10.28715,80.5,4
1568,10.27424,79.9,4
1569,10.26277,79.3,4
1570,10.25273,78.6,4
1571,10.24556,78.3,4
1572,10.24269,77.7,4
1573,10.23838,77,4
1574,10.22978,76.4,4
1575,10.22117,75.9,4
1576,10.214,75.4,4
1577,10.20826,75.1,4
1578,10.19822,74.6,4
1579,10.1853,74.2,4
1580,10.17813,73.6,4
1581,10.17382,73.1,4
1582,10.17239,72.6,4
1583,10.17239,72.1,4
1584,10.17382,71.7,4
1585,10.181,71.3,4
1586,10.18961,70.8,4
1587,10.20395,70.4,4
1588,10.21687,69.9,4
1589,10.23408,69.4,4
1590,10.25416,69,4
1591,10.27854,68.3,4
1592,10.30005,67.9,4
1593,10.31583,67.6,4
1594,10.32443,67.2,4
1595,10.32586,66.9,4
1596,10.33016,66.2,4
1597,10.34594,65.7,4
1598,10.3617,65.2,4
1599,10.37604,64.6,4
1600,10.38894,64.1,4
1601,10.40184,63.4,4
1602,10.4176,62.9,4
1603,10.4348,62.4,4
1604,10.452,61.9,4
1605,10.46633,61.4,4
1606,10.48065,60.9,4
1607,10.49498,60.4,4
1608,10.51074,59.8,4
1609,10.53079,59.4,4
1610,10.55084,58.8,4
1611,10.56946,58.3,4
1612,10.58951,58,4
1613,10.61099,57.6,4
1614,10.63103,57.2,4
1615,10.64964,56.8,4
1616,10.66825,56.2,4
1617,10.684,55.6,4
1618,10.69545,55,4
1619,10.70404,54.5,4
1620,10.71262,54.1,4
1621,10.72264,53.7,4
1622,10.73552,53,4
1623,10.74697,52.5,4
1624,10.75555,52,4
1625,10.76271,51.5,4
1626,10.76843,51,4
1627,10.77558,50.4,4
1628,10.78417,50,4
1629,10.79132,49.5,4
1630,10.79847,49.1,4
1631,10.80563,48.8,4
1632,10.81278,48.4,4
1633,10.8185,48.1,4
1634,10.82422,47.7,4
1635,10.83137,47.1,4
1636,10.83996,46.6,4
1637,10.84711,46.1,4
1638,10.85426,45.7,4
1639,10.86141,45.1,4
1640,10.86999,44.5,4
1641,10.88429,43.9,4
1642,10.90431,43.2,4
1643,10.92147,42.7,4
1644,10.93577,42.3,4
1645,10.9472,41.8,4
1646,10.96007,41.2,4
1647,10.9758,40.7,4
1648,10.99152,40,4
1649,11.00581,39.3,4
1650,11.01153,38.8,4
1651,11.00867,38.3,4
1652,11.00152,38,4
1653,10.99295,37.9,4
1654,10.98866,37.5,4
1655,10.98294,37.1,4
1656,10.97437,36.8,4
1657,10.96436,36.2,4
1658,10.95864,35.6,4
1659,10.95292,34.9,4
1660,10.95006,34.2,4
1661,10.95435,33.8,4
1662,10.95721,33.3,4
1663,10.96007,32.8,4
1664,10.96293,32.2,4
1665,10.97008,31.7,4
1666,10.97723,31.2,4
1667,10.98437,30.7,4
1668,10.99295,30.1,4
1669,11.00152,29.3,4
1670,11.00581,28.8,4
1671,11.00724,28.1,4
1672,11.00867,27.5,4
1673,11.00867,26.9,4
1674,11.00724,26.5,4
1675,11.00152,26,4
1676,10.99295,25.4,4
1677,10.98723,25,4
1678,10.9858,24.6,4
1679,10.9858,24.2,4
1680,10.98294,23.6,4
1681,10.97865,23,4
1682,10.97437,22.5,4
1683,10.96579,21.8,4
1684,10.95864,21.4,4
1685,10.95006,20.6,4
1686,10.9372,20.1,4
1687,10.9229,19.5,4
1688,10.9086,19,4
1689,10.8943,18.4,4
1690,10.88143,17.7,4
1691,10.86856,17.3,4
1692,10.84997,16.7,4
1693,10.82136,16.2,4
1694,10.78703,15.6,4
1695,10.75269,15.1,4
1696,10.7255,14.6,4
1697,10.69688,14.2,4
1698,10.65966,13.7,4
1699,10.61528,13.2,4
1700,10.57089,12.7,4
1701,10.53509,12,4
1702,10.50214,11.4,4
1703,10.47349,11,4
1704,10.4434,10.4,4
1705,10.40471,10,4
1706,10.36027,9.6,4
1707,10.31583,9.2,4
1708,10.26277,8.8,4
1709,10.20826,8.4,4
1710,10.15804,8,4
1711,10.10924,7.6,4
1712,10.06044,7.3,4
1713,10.01018,6.9,4
1714,9.95991,6.4,4
1715,9.90819,6,4
1716,9.85789,5.5,4
1717,9.81046,5,4
1718,9.76445,4.4,4
1719,9.72274,3.9,4
1720,9.68678,3.4,4
1721,9.65081,3,4
1722,9.61627,2.5,4
1723,9.58173,2,4
1724,9.54574,1.5,4
1725,9.50974,1.1,4
1726,9.4723,0.699999999999999,4
1727,9.43629,0.4,4
1728,9.40027,0.0999999999999996,4
1729,9.3628,0.199999999999999,4
1730,9.32964,0.0999999999999996,4
1731,9.32676,0.0999999999999996,4
1732,16.93803,240,6
1733,16.92246,239.6,6
1734,16.9083,239,6
1735,16.89414,238.5,6
1736,16.87856,238,6
1737,16.86581,237.6,6
1738,16.8559,237.4,6
1739,16.84457,237.2,6
1740,16.83608,236.7,6
1741,16.82758,236.1,6
1742,16.81909,235.2,6
1743,16.81059,234.7,6
1744,16.80493,234.1,6
1745,16.79785,233.1,6
1746,16.79077,232.4,6
1747,16.78369,232.3,6
1748,16.77378,232.4,6
1749,16.76528,232.3,6
1750,16.75679,231.9,6
1751,16.74688,231.7,6
1752,16.73838,231.3,6
1753,16.73272,230.9,6
1754,16.72705,230.3,6
1755,16.71998,229.7,6
1756,16.71856,229.2,6
1757,16.71998,228.9,6
1758,16.71998,228.9,6
1759,16.72139,228.7,6
1760,16.72281,228.6,6
1761,16.72564,227.9,6
1762,16.7313,227.2,6
1763,16.73272,226.8,6
1764,16.73413,226.5,6
1765,16.73697,226,6
1766,16.73697,225.5,6
1767,16.73838,224.8,6
1768,16.73697,224,6
1769,16.73697,223.4,6
1770,16.73697,223,6
1771,16.73555,222.7,6
1772,16.73555,222.3,6
1773,16.73838,221.8,6
1774,16.74121,221.4,6
1775,16.74546,221.1,6
1776,16.74971,220.8,6
1777,16.75396,220.3,6
1778,16.7582,219.8,6
1779,16.76528,219.1,6
1780,16.77095,218.7,6
1781,16.77803,217.9,6
1782,16.78369,217.2,6
1783,16.79077,216.4,6
1784,16.79643,215.7,6
1785,16.8021,214.8,6
1786,16.80918,214.3,6
1787,16.81767,214.2,6
1788,16.82475,213.9,6
1789,16.83041,213.2,6
1790,16.83749,212.6,6
1791,16.84741,211.8,6
1792,16.85873,211.1,6
1793,16.86865,210.5,6
1794,16.87856,210,6
1795,16.88989,209.9,6
1796,16.90263,209.6,6
1797,16.91821,209.6,6
1798,16.9352,209.3,6
1799,16.9522,208.9,6
1800,16.96919,208.6,6
1801,16.98477,208.2,6
1802,17.00176,207.6,6
1803,17.01734,207.2,6
1804,17.0315,206.3,6
1805,17.04284,205.8,6
1806,17.05558,205.2,6
1807,17.06975,204.7,6
1808,17.08816,204.1,6
1809,17.11082,203.5,6
1810,17.13348,202.9,6
1811,17.15332,202.5,6
1812,17.17031,201.9,6
1813,17.18731,201.3,6
1814,17.20148,200.5,6
1815,17.21423,199.7,6
1816,17.22414,199.4,6
1817,17.23123,198.8,6
1818,17.23123,198.3,6
1819,17.22556,197.7,6
1820,17.21565,196.8,6
1821,17.20431,196,6
1822,17.18731,195.4,6
1823,17.1689,194.8,6
1824,17.14765,194.5,6
1825,17.12499,194.2,6
1826,17.10232,193.8,6
1827,17.08108,193.3,6
1828,17.05983,193,6
1829,17.04,192.8,6
1830,17.01876,191.9,6
1831,17.00035,191.3,6
1832,16.98335,190.5,6
1833,16.97061,189.7,6
1834,16.96069,189.2,6
1835,16.94936,188.5,6
1836,16.93945,187.9,6
1837,16.92812,187.5,6
1838,16.91821,186.9,6
1839,16.91113,186.6,6
1840,16.9083,186.3,6
1841,16.90405,186,6
1842,16.8998,185.7,6
1843,16.8998,185.2,6
1844,16.90263,184.6,6
1845,16.90546,184,6
1846,16.91254,183,6
1847,16.92246,182.1,6
1848,16.93379,181.4,6
1849,16.94512,180.7,6
1850,16.95503,180.3,6
1851,16.96353,179.6,6
1852,16.97202,179.1,6
1853,16.9791,178.7,6
1854,16.98477,178.4,6
1855,16.99185,178.1,6
1856,16.99751,177.8,6
1857,17.00176,177.5,6
1858,17.01026,177.3,6
1859,17.02159,177.2,6
1860,17.0315,176.8,6
1861,17.04142,176.2,6
1862,17.05133,175.9,6
1863,17.06266,175.4,6
1864,17.07399,174.9,6
1865,17.08533,174.3,6
1866,17.09949,173.8,6
1867,17.11224,173.3,6
1868,17.1264,172.8,6
1869,17.14198,172.3,6
1870,17.15757,171.7,6
1871,17.17598,170.9,6
1872,17.19723,170.2,6
1873,17.21848,169.5,6
1874,17.23831,168.8,6
1875,17.26381,168.4,6
1876,17.28931,167.9,6
1877,17.31907,167.5,6
1878,17.34882,167.1,6
1879,17.37858,166.6,6
1880,17.4055,166.2,6
1881,17.42959,166,6
1882,17.45085,165.5,6
1883,17.47352,165.5,6
1884,17.49336,165.3,6
1885,17.51179,164.8,6
1886,17.52738,164.4,6
1887,17.54297,163.8,6
1888,17.55856,163.4,6
1889,17.57699,163,6
1890,17.59541,162.5,6
1891,17.611,161.9,6
1892,17.62801,161.2,6
1893,17.64644,160.4,6
1894,17.67054,159.9,6
1895,17.69748,159.1,6
1896,17.72583,158.5,6
1897,17.75136,157.8,6
1898,17.77404,157.4,6
1899,17.79389,157,6
1900,17.81516,156.8,6
1901,17.83502,156.5,6
1902,17.85345,155.9,6
1903,17.86763,155.4,6
1904,17.87898,154.5,6
1905,17.88891,153.9,6
1906,17.90025,153.3,6
1907,17.91302,153,6
1908,17.92295,152.5,6
1909,17.93004,151.8,6
1910,17.93288,150.8,6
1911,17.93571,150.4,6
1912,17.93997,149.6,6
1913,17.94848,149,6
1914,17.95841,148.2,6
1915,17.95983,147.8,6
1916,17.95699,147.5,6
1917,17.95131,147.1,6
1918,17.94706,146.8,6
1919,17.9428,146.3,6
1920,17.93429,145.7,6
1921,17.9272,145.2,6
1922,17.92011,144.7,6
1923,17.91727,144.3,6
1924,17.91869,143.7,6
1925,17.91727,143.1,6
1926,17.91586,142.5,6
1927,17.91444,142,6
1928,17.91586,141.4,6
1929,17.91302,141,6
1930,17.90876,140.6,6
1931,17.90451,140.1,6
1932,17.90167,139.6,6
1933,17.90167,139.1,6
1934,17.89884,138.7,6
1935,17.89458,138.2,6
1936,17.89033,137.6,6
1937,17.88749,137.2,6
1938,17.88465,136.6,6
1939,17.88182,135.9,6
1940,17.88182,135.7,6
1941,17.88182,134.8,6
1942,17.87898,134.2,6
1943,17.87756,133.6,6
1944,17.87614,133.3,6
1945,17.88182,133,6
1946,17.88607,132.4,6
1947,17.88891,131.9,6
1948,17.88891,131.2,6
1949,17.89033,130.5,6
1950,17.89458,129.8,6
1951,17.896,129.1,6
1952,17.89458,128.7,6
1953,17.89316,128.1,6
1954,17.89458,127.5,6
1955,17.89458,126.9,6
1956,17.896,126.6,6
1957,17.89884,125.8,6
1958,17.90309,125.5,6
1959,17.90876,125.2,6
1960,17.9116,125,6
1961,17.91302,124.7,6
1962,17.91444,124.3,6
1963,17.91869,124,6
1964,17.9272,123.6,6
1965,17.93571,123.2,6
1966,17.94706,122.8,6
1967,17.95841,122.5,6
1968,17.96834,122.4,6
1969,17.97543,122.2,6
1970,17.98252,121.9,6
1971,17.98961,121.5,6
1972,17.99529,121.1,6
1973,17.99671,120.6,6
1974,17.99529,120.1,6
1975,17.99387,119.8,6
1976,17.99529,119.4,6
1977,17.99671,118.9,6
1978,17.99103,118.4,6
1979,17.98394,117.9,6
1980,17.97827,117.4,6
1981,17.97117,116.9,6
1982,17.96408,116.5,6
1983,17.95699,116,6
1984,17.95415,115.4,6
1985,17.94848,114.6,6
1986,17.94139,113.7,6
1987,17.93571,112.9,6
1988,17.93288,112.2,6
1989,17.92437,111.8,6
1990,17.91586,111.4,6
1991,17.9116,110.9,6
1992,17.90735,110.5,6
1993,17.90167,110,6
1994,17.89884,109.4,6
1995,17.89884,109,6
1996,17.89884,108.5,6
1997,17.89742,108,6
1998,17.89458,107.6,6
1999,17.89174,107.1,6
2000,17.89033,106.7,6
2001,17.89174,106.3,6
2002,17.89174,106,6
2003,17.89033,105.6,6
2004,17.88891,105.2,6
2005,17.88891,104.7,6
2006,17.89174,103.9,6
2007,17.89884,103.3,6
2008,17.90451,102.7,6
2009,17.90876,102.1,6
2010,17.9116,101.6,6
2011,17.91444,101.1,6
2012,17.91727,100.6,6
2013,17.92153,100,6
2014,17.92578,99.3,6
2015,17.93146,98.8,6
2016,17.93713,98.4,6
2017,17.93997,98.1,6
2018,17.94139,97.8,6
2019,17.94564,97.2,6
2020,17.94564,96.6,6
2021,17.94848,96.2,6
2022,17.95131,95.6,6
2023,17.95273,95.3,6
2024,17.95131,95,6
2025,17.9499,94.8,6
2026,17.94564,94.2,6
2027,17.94139,93.6,6
2028,17.93855,93.1,6
2029,17.93429,92.4,6
2030,17.93429,92,6
2031,17.93429,91.3,6
2032,17.93429,90.8,6
2033,17.93713,90.1,6
2034,17.94139,89.7,6
2035,17.94848,89.3,6
2036,17.95557,88.7,6
2037,17.96124,88.1,6
2038,17.96975,87.5,6
2039,17.97401,86.7,6
2040,17.97827,86.2,6
2041,17.98394,85.7,6
2042,17.98819,85.3,6
2043,17.99387,84.7,6
2044,17.99812,84.3,6
2045,18.00096,83.9,6
2046,18.00238,83.3,6
2047,18.00522,82.8,6
2048,18.00805,82.3,6
2049,18.01089,82,6
2050,18.01515,81.3,6
2051,18.01373,80.5,6
2052,18.01089,79.9,6
2053,18.00947,79.3,6
2054,18.00664,78.6,6
2055,18.00664,78.3,6
2056,18.00522,77.7,6
2057,18.00238,77,6
2058,17.99954,76.4,6
2059,17.99812,75.9,6
2060,17.99812,75.4,6
2061,17.99954,75.1,6
2062,18.00096,74.6,6
2063,18.00238,74.2,6
2064,18.0038,73.6,6
2065,18.00664,73.1,6
2066,18.00805,72.6,6
2067,18.01231,72.1,6
2068,18.01515,71.7,6
2069,18.0194,71.3,6
2070,18.02224,70.8,6
2071,18.02366,70.4,6
2072,18.0265,69.9,6
2073,18.03075,69.4,6
2074,18.03926,69,6
2075,18.04778,68.3,6
2076,18.05771,67.9,6
2077,18.06622,67.6,6
2078,18.07899,67.2,6
2079,18.09318,66.9,6
2080,18.10879,66.2,6
2081,18.12581,65.7,6
2082,18.14142,65.2,6
2083,18.15703,64.6,6
2084,18.17264,64.1,6
2085,18.18967,63.4,6
2086,18.20812,62.9,6
2087,18.22515,62.4,6
2088,18.24076,61.9,6
2089,18.25638,61.4,6
2090,18.27057,60.9,6
2091,18.28476,60.4,6
2092,18.29612,59.8,6
2093,18.30748,59.4,6
2094,18.31883,58.8,6
2095,18.33161,58.3,6
2096,18.34297,58,6
2097,18.35432,57.6,6
2098,18.3671,57.2,6
2099,18.3813,56.8,6
2100,18.39408,56.2,6
2101,18.4026,55.6,6
2102,18.40969,55,6
2103,18.41679,54.5,6
2104,18.42673,54.1,6
2105,18.43951,53.7,6
2106,18.45087,53,6
2107,18.46081,52.5,6
2108,18.46933,52,6
2109,18.47928,51.5,6
2110,18.48922,51,6
2111,18.4949,50.4,6
2112,18.49916,50,6
2113,18.50342,49.5,6
2114,18.50342,49.1,6
2115,18.50342,48.8,6
2116,18.50484,48.4,6
2117,18.50768,48.1,6
2118,18.51052,47.7,6
2119,18.51194,47.1,6
2120,18.51762,46.6,6
2121,18.52472,46.1,6
2122,18.53466,45.7,6
2123,18.54461,45.1,6
2124,18.55313,44.5,6
2125,18.56165,43.9,6
2126,18.56875,43.2,6
2127,18.57444,42.7,6
2128,18.58012,42.3,6
2129,18.58722,41.8,6
2130,18.59574,41.2,6
2131,18.60285,40.7,6
2132,18.60995,40,6
2133,18.61705,39.3,6
2134,18.62273,38.8,6
2135,18.62558,38.3,6
2136,18.62842,38,6
2137,18.6341,37.9,6
2138,18.63836,37.5,6
2139,18.63978,37.1,6
2140,18.64262,36.8,6
2141,18.64547,36.2,6
2142,18.64689,35.6,6
2143,18.64831,34.9,6
2144,18.65115,34.2,6
2145,18.65115,33.8,6
2146,18.64973,33.3,6
2147,18.64973,32.8,6
2148,18.64973,32.2,6
2149,18.65257,31.7,6
2150,18.65541,31.2,6
2151,18.65825,30.7,6
2152,18.65967,30.1,6
2153,18.66251,29.3,6
2154,18.66394,28.8,6
2155,18.66394,28.1,6
2156,18.66394,27.5,6
2157,18.66678,26.9,6
2158,18.67104,26.5,6
2159,18.6753,26,6
2160,18.68241,25.4,6
2161,18.68951,25,6
2162,18.69804,24.6,6
2163,18.70372,24.2,6
2164,18.71083,23.6,6
2165,18.71935,23,6
2166,18.73214,22.5,6
2167,18.74067,21.8,6
2168,18.74919,21.4,6
2169,18.75488,20.6,6
2170,18.76341,20.1,6
2171,18.77335,19.5,6
2172,18.78046,19,6
2173,18.78757,18.4,6
2174,18.79467,17.7,6
2175,18.80178,17.3,6
2176,18.80604,16.7,6
2177,18.80889,16.2,6
2178,18.81173,15.6,6
2179,18.81884,15.1,6
2180,18.82594,14.6,6
2181,18.83305,14.2,6
2182,18.843,13.7,6
2183,18.85722,13.2,6
2184,18.87143,12.7,6
2185,18.88423,12,6
2186,18.89702,11.4,6
2187,18.90982,11,6
2188,18.92404,10.4,6
2189,18.93968,10,6
2190,18.9539,9.6,6
2191,18.96954,9.2,6
2192,18.98518,8.8,6
2193,18.9994,8.4,6
2194,19.01078,8,6
2195,19.02358,7.6,6
2196,19.03638,7.3,6
2197,19.04918,6.9,6
2198,19.06483,6.4,6
2199,19.08047,6,6
2200,19.09185,5.5,6
2201,19.10323,5,6
2202,19.11177,4.4,6
2203,19.12173,3.9,6
2204,19.13596,3.4,6
2205,19.15303,3,6
2206,19.16868,2.5,6
2207,19.18291,2,6
2208,19.19287,1.5,6
2209,19.20425,1.1,6
2210,19.21564,0.699999999999999,6
2211,19.22987,0.4,6
2212,19.24553,0.0999999999999996,6
2213,19.24837,0.199999999999999,6
2214,19.23983,0.0999999999999996,6
2215,19.23272,0.0999999999999996,6
2216,10.03746,150.6000051392,5
2217,10.03028,150.500005136,5
2218,10.0231,150.00000512,5
2219,10.0188,149.4000051008,5
2220,10.01736,148.8000050816,5
2221,10.01592,148.3000050656,5
2222,10.01018,148.000005056,5
2223,10.00731,147.7000050464,5
2224,10.00156,147.3000050336,5
2225,9.99725,146.9000050208,5
2226,9.99295,146.4000050048,5
2227,9.98577,145.9000049888,5
2228,9.97858,145.500004976,5
2229,9.97284,144.9000049568,5
2230,9.96853,144.6000049472,5
2231,9.96278,144.2000049344,5
2232,9.9556,143.7000049184,5
2233,9.95129,143.4000049088,5
2234,9.94555,142.8000048896,5
2235,9.93836,142.3000048736,5
2236,9.92831,141.9000048608,5
2237,9.92112,141.3000048416,5
2238,9.91537,140.9000048288,5
2239,9.91394,140.4000048128,5
2240,9.91394,139.8000047936,5
2241,9.91106,139.3000047776,5
2242,9.91106,138.6000047552,5
2243,9.90819,137.9000047328,5
2244,9.90101,137.2000047104,5
2245,9.89382,136.8000046976,5
2246,9.89238,136.3000046816,5
2247,9.89095,135.8000046656,5
2248,9.8852,135.4000046528,5
2249,9.87514,135.00000464,5
2250,9.87083,134.4000046208,5
2251,9.86939,133.8000046016,5
2252,9.85933,133.3000045856,5
2253,9.85214,132.7000045664,5
2254,9.85071,132.3000045536,5
2255,9.84352,131.7000045344,5
2256,9.83202,131.1000045152,5
2257,9.82771,130.4000044928,5
2258,9.82915,129.8000044736,5
2259,9.82483,129.3000044576,5
2260,9.82052,128.8000044416,5
2261,9.82627,128.2000044224,5
2262,9.8349,127.7000044064,5
2263,9.83633,127.1000043872,5
2264,9.83921,126.3000043616,5
2265,9.84783,125.7000043424,5
2266,9.85646,125.4000043328,5
2267,9.86652,125.1000043232,5
2268,9.88089,124.7000043104,5
2269,9.89813,124.500004304,5
2270,9.91106,124.000004288,5
2271,9.91968,123.4000042688,5
2272,9.92974,122.9000042528,5
2273,9.9398,122.3000042336,5
2274,9.94842,121.7000042144,5
2275,9.95416,121.2000041984,5
2276,9.96278,120.4000041728,5
2277,9.96997,119.8000041536,5
2278,9.97571,119.2000041344,5
2279,9.98146,118.7000041184,5
2280,9.9872,118.3000041056,5
2281,9.99151,117.9000040928,5
2282,9.99582,117.50000408,5
2283,10.00013,116.9000040608,5
2284,10.003,116.4000040448,5
2285,10.00874,116.000004032,5
2286,10.01305,115.6000040192,5
2287,10.01592,115.2000040064,5
2288,10.0188,114.9000039968,5
2289,10.0231,114.4000039808,5
2290,10.02885,114.000003968,5
2291,10.03316,113.6000039552,5
2292,10.04177,113.000003936,5
2293,10.05039,112.4000039168,5
2294,10.06187,111.9000039008,5
2295,10.07623,111.3000038816,5
2296,10.09058,110.6000038592,5
2297,10.10207,110.1000038432,5
2298,10.11499,109.500003824,5
2299,10.1236,108.9000038048,5
2300,10.1279,108.3000037856,5
2301,10.13364,107.8000037696,5
2302,10.14082,107.2000037504,5
2303,10.14513,106.8000037376,5
2304,10.14943,106.2000037184,5
2305,10.1523,105.8000037056,5
2306,10.15661,105.1000036832,5
2307,10.16235,104.500003664,5
2308,10.17096,104.000003648,5
2309,10.17669,103.500003632,5
2310,10.17956,103.1000036192,5
2311,10.181,102.6000036032,5
2312,10.18817,102.1000035872,5
2313,10.19535,101.500003568,5
2314,10.20252,100.9000035488,5
2315,10.20969,100.4000035328,5
2316,10.2183,99.8000035136,5
2317,10.22547,99.2000034944,5
2318,10.22978,98.6000034752,5
2319,10.23408,98.2000034624,5
2320,10.23695,97.9000034528,5
2321,10.23982,97.50000344,5
2322,10.24412,96.9000034208,5
2323,10.24986,96.500003408,5
2324,10.25416,96.2000033984,5
2325,10.25846,95.9000033888,5
2326,10.26564,95.6000033792,5
2327,10.27281,95.2000033664,5
2328,10.28141,94.500003344,5
2329,10.29145,93.9000033248,5
2330,10.29862,93.2000033024,5
2331,10.30722,92.6000032832,5
2332,10.31869,92.1000032672,5
2333,10.3273,91.7000032544,5
2334,10.3402,91.3000032416,5
2335,10.35454,90.8000032256,5
2336,10.36744,90.3000032096,5
2337,10.38177,89.8000031936,5
2338,10.39324,89.3000031776,5
2339,10.40327,88.6000031552,5
2340,10.40901,88.000003136,5
2341,10.41044,87.3000031136,5
2342,10.41331,86.6000030912,5
2343,10.41474,86.1000030752,5
2344,10.41474,85.6000030592,5
2345,10.4176,84.8000030336,5
2346,10.41904,84.2000030144,5
2347,10.4176,83.7000029984,5
2348,10.41617,83.2000029824,5
2349,10.41617,82.9000029728,5
2350,10.41331,82.50000296,5
2351,10.41044,82.1000029472,5
2352,10.40901,81.6000029312,5
2353,10.40614,81.2000029184,5
2354,10.40184,80.500002896,5
2355,10.39897,79.9000028768,5
2356,10.39754,79.4000028608,5
2357,10.39324,79.000002848,5
2358,10.38894,78.4000028288,5
2359,10.38894,77.9000028128,5
2360,10.38751,77.6000028032,5
2361,10.38751,77.2000027904,5
2362,10.39037,76.9000027808,5
2363,10.39754,76.2000027584,5
2364,10.40041,75.6000027392,5
2365,10.40041,75.1000027232,5
2366,10.40327,74.6000027072,5
2367,10.40614,74.3000026976,5
2368,10.40757,73.9000026848,5
2369,10.41187,73.4000026688,5
2370,10.41331,72.8000026496,5
2371,10.41474,72.3000026336,5
2372,10.4176,71.8000026176,5
2373,10.42047,71.3000026016,5
2374,10.4219,70.9000025888,5
2375,10.4262,70.500002576,5
2376,10.43194,70.1000025632,5
2377,10.43623,69.8000025536,5
2378,10.4391,69.4000025408,5
2379,10.44483,68.9000025248,5
2380,10.45056,68.4000025088,5
2381,10.45486,67.8000024896,5
2382,10.46059,67.2000024704,5
2383,10.46633,66.6000024512,5
2384,10.47206,66.1000024352,5
2385,10.47635,65.7000024224,5
2386,10.47922,65.2000024064,5
2387,10.48352,64.6000023872,5
2388,10.48495,64.1000023712,5
2389,10.48352,63.8000023616,5
2390,10.48209,63.3000023456,5
2391,10.48495,62.8000023296,5
2392,10.48495,62.3000023136,5
2393,10.48352,61.7000022944,5
2394,10.48065,61.2000022784,5
2395,10.47922,60.7000022624,5
2396,10.47922,60.2000022464,5
2397,10.47922,59.7000022304,5
2398,10.47922,59.1000022112,5
2399,10.47779,58.500002192,5
2400,10.47349,57.9000021728,5
2401,10.47062,57.4000021568,5
2402,10.47206,56.8000021376,5
2403,10.47492,56.3000021216,5
2404,10.47635,55.7000021024,5
2405,10.47635,55.2000020864,5
2406,10.47635,54.6000020672,5
2407,10.47779,54.2000020544,5
2408,10.48065,53.8000020416,5
2409,10.48638,53.3000020256,5
2410,10.49211,53.000002016,5
2411,10.49641,52.4000019968,5
2412,10.49498,51.9000019808,5
2413,10.49211,51.4000019648,5
2414,10.49211,50.9000019488,5
2415,10.49928,50.500001936,5
2416,10.50787,50.00000192,5
2417,10.51503,49.6000019072,5
2418,10.51933,49.000001888,5
2419,10.52506,48.500001872,5
2420,10.53366,47.9000018528,5
2421,10.54511,47.50000184,5
2422,10.55657,47.000001824,5
2423,10.56803,46.4000018048,5
2424,10.57662,45.8000017856,5
2425,10.58378,45.3000017696,5
2426,10.59094,44.7000017504,5
2427,10.60096,44.2000017344,5
2428,10.61385,43.6000017152,5
2429,10.62674,43.2000017024,5
2430,10.63533,42.7000016864,5
2431,10.64392,42.2000016704,5
2432,10.65107,41.7000016544,5
2433,10.6611,41.3000016416,5
2434,10.67255,41.000001632,5
2435,10.684,40.4000016128,5
2436,10.69545,40.0000016,5
2437,10.70547,39.500001584,5
2438,10.71548,39.1000015712,5
2439,10.72693,38.7000015584,5
2440,10.73838,38.3000015456,5
2441,10.74983,37.8000015296,5
2442,10.75698,37.3000015136,5
2443,10.76414,36.7000014944,5
2444,10.77272,36.3000014816,5
2445,10.77988,35.7000014624,5
2446,10.78703,35.2000014464,5
2447,10.79418,34.6000014272,5
2448,10.80277,34.1000014112,5
2449,10.80849,33.6000013952,5
2450,10.81135,33.000001376,5
2451,10.81564,32.50000136,5
2452,10.82422,32.000001344,5
2453,10.83281,31.6000013312,5
2454,10.83567,31.1000013152,5
2455,10.83567,30.6000012992,5
2456,10.83996,30.1000012832,5
2457,10.84568,29.6000012672,5
2458,10.84854,29.1000012512,5
2459,10.85283,28.7000012384,5
2460,10.85712,28.1000012192,5
2461,10.86284,27.5000012,5
2462,10.86713,26.8000011776,5
2463,10.87285,26.2000011584,5
2464,10.88,25.7000011424,5
2465,10.88858,25.3000011296,5
2466,10.8943,24.7000011104,5
2467,10.90002,24.3000010976,5
2468,10.90431,23.8000010816,5
2469,10.9086,23.3000010656,5
2470,10.91718,22.9000010528,5
2471,10.92576,22.7000010464,5
2472,10.93434,22.1000010272,5
2473,10.93863,21.7000010144,5
2474,10.94006,21.2000009984,5
2475,10.94292,20.6000009792,5
2476,10.94578,20.1000009632,5
2477,10.9472,19.4000009408,5
2478,10.95006,19.000000928,5
2479,10.95435,18.500000912,5
2480,10.95864,18.000000896,5
2481,10.96293,17.50000088,5
2482,10.96722,17.000000864,5
2483,10.97294,16.6000008512,5
2484,10.98294,16.2000008384,5
2485,10.99295,15.7000008224,5
2486,11.00438,15.0000008,5
2487,11.01725,14.6000007872,5
2488,11.02582,14.1000007712,5
2489,11.03297,13.6000007552,5
2490,11.0444,13.2000007424,5
2491,11.06012,12.8000007296,5
2492,11.07584,12.3000007136,5
2493,11.09155,11.7000006944,5
2494,11.10441,11.2000006784,5
2495,11.11727,10.7000006624,5
2496,11.1287,10.1000006432,5
2497,11.1387,9.6000006272,5
2498,11.1487,9.1000006112,5
2499,11.16012,8.8000006016,5
2500,11.17583,8.3000005856,5
2501,11.18726,7.8000005696,5
2502,11.20011,7.3000005536,5
2503,11.21154,6.7000005344,5
2504,11.22439,6.2000005184,5
2505,11.24295,5.6000004992,5
2506,11.26009,5.1000004832,5
2507,11.27722,4.6000004672,5
2508,11.29435,4.1000004512,5
2509,11.30863,3.6000004352,5
2510,11.32575,3.2000004224,5
2511,11.34574,2.7000004064,5
2512,11.36857,2.3000003936,5
2513,11.38855,1.9000003808,5
2514,11.39711,1.3000003616,5
2515,11.41138,0.700000342399999,5
2516,11.42993,0.2000003264,5
2517,8.22885,150.9000048288,3
2518,8.22449,150.9000048288,3
2519,8.21723,150.7000048224,3
2520,8.21143,150.2000048064,3
2521,8.20562,149.7000047904,3
2522,8.19836,149.2000047744,3
2523,8.1911,148.7000047584,3
2524,8.18384,148.2000047424,3
2525,8.17657,147.7000047264,3
2526,8.16786,147.2000047104,3
2527,8.15769,146.7000046944,3
2528,8.15043,146.3000046816,3
2529,8.14462,145.9000046688,3
2530,8.14026,145.4000046528,3
2531,8.1359,144.9000046368,3
2532,8.13445,144.4000046208,3
2533,8.13445,143.9000046048,3
2534,8.13736,143.4000045888,3
2535,8.14317,143.1000045792,3
2536,8.14898,142.50000456,3
2537,8.15334,142.1000045472,3
2538,8.15769,141.6000045312,3
2539,8.1606,141.1000045152,3
2540,8.16205,140.6000044992,3
2541,8.1635,140.1000044832,3
2542,8.1635,139.6000044672,3
2543,8.16641,139.1000044512,3
2544,8.16931,138.8000044416,3
2545,8.17367,138.3000044256,3
2546,8.17948,137.8000044096,3
2547,8.18674,137.4000043968,3
2548,8.194,136.9000043808,3
2549,8.20417,136.4000043648,3
2550,8.21288,135.9000043488,3
2551,8.2274,135.4000043328,3
2552,8.24191,134.9000043168,3
2553,8.25933,134.4000043008,3
2554,8.27675,133.9000042848,3
2555,8.29271,133.4000042688,3
2556,8.30722,132.9000042528,3
2557,8.32318,132.4000042368,3
2558,8.33769,132.000004224,3
2559,8.3522,131.6000042112,3
2560,8.36525,131.1000041952,3
2561,8.37975,130.6000041792,3
2562,8.39426,130.2000041664,3
2563,8.40586,129.6000041472,3
2564,8.41601,129.2000041344,3
2565,8.43051,128.7000041184,3
2566,8.44355,128.3000041056,3
2567,8.4508,127.8000040896,3
2568,8.4537,127.3000040736,3
2569,8.4508,126.9000040608,3
2570,8.44645,126.500004048,3
2571,8.445,126.000004032,3
2572,8.4421,125.500004016,3
2573,8.4392,125.1000040032,3
2574,8.43485,124.7000039904,3
2575,8.42906,124.1000039712,3
2576,8.42181,123.6000039552,3
2577,8.41601,123.2000039424,3
2578,8.41456,122.8000039296,3
2579,8.41311,122.2000039104,3
2580,8.41311,121.6000038912,3
2581,8.41746,121.000003872,3
2582,8.42326,120.4000038528,3
2583,8.43341,119.9000038368,3
2584,8.4479,119.4000038208,3
2585,8.4595,118.9000038048,3
2586,8.47544,118.3000037856,3
2587,8.48993,117.8000037696,3
2588,8.50153,117.3000037536,3
2589,8.51457,116.8000037376,3
2590,8.52326,116.4000037248,3
2591,8.52906,115.9000037088,3
2592,8.5334,115.3000036896,3
2593,8.5392,114.9000036768,3
2594,8.54499,114.3000036576,3
2595,8.54934,113.8000036416,3
2596,8.55369,113.2000036224,3
2597,8.56093,112.7000036064,3
2598,8.56527,112.2000035904,3
2599,8.56817,111.6000035712,3
2600,8.56962,111.2000035584,3
2601,8.57252,110.7000035424,3
2602,8.57541,110.2000035264,3
2603,8.57976,109.6000035072,3
2604,8.5841,109.1000034912,3
2605,8.59134,108.6000034752,3
2606,8.59858,108.2000034624,3
2607,8.60583,107.7000034464,3
2608,8.61307,107.3000034336,3
2609,8.62031,106.8000034176,3
2610,8.62755,106.3000034016,3
2611,8.63623,105.8000033856,3
2612,8.64347,105.2000033664,3
2613,8.65216,104.7000033504,3
2614,8.6565,104.2000033344,3
2615,8.66084,103.6000033152,3
2616,8.66663,103.1000032992,3
2617,8.66953,102.6000032832,3
2618,8.67242,102.1000032672,3
2619,8.67387,101.7000032544,3
2620,8.67387,101.3000032416,3
2621,8.67387,100.8000032256,3
2622,8.67242,100.3000032096,3
2623,8.67387,99.7000031904,3
2624,8.67098,99.3000031776,3
2625,8.66953,98.7000031584,3
2626,8.66953,98.3000031456,3
2627,8.66808,97.8000031296,3
2628,8.66953,97.2000031104,3
2629,8.66808,96.8000030976,3
2630,8.66374,96.2000030784,3
2631,8.66084,95.7000030624,3
2632,8.65795,95.3000030496,3
2633,8.6565,94.8000030336,3
2634,8.6536,94.4000030208,3
2635,8.65216,94.000003008,3
2636,8.64492,93.6000029952,3
2637,8.64058,93.1000029792,3
2638,8.63334,92.6000029632,3
2639,8.62899,92.2000029504,3
2640,8.62755,91.7000029344,3
2641,8.6261,91.1000029152,3
2642,8.6261,90.6000028992,3
2643,8.62899,90.2000028864,3
2644,8.62755,89.7000028704,3
2645,8.62465,89.2000028544,3
2646,8.61886,88.6000028352,3
2647,8.61596,88.1000028192,3
2648,8.61451,87.7000028064,3
2649,8.61162,87.2000027904,3
2650,8.61017,86.7000027744,3
2651,8.60872,86.2000027584,3
2652,8.60727,85.6000027392,3
2653,8.60872,85.2000027264,3
2654,8.61017,84.7000027104,3
2655,8.61741,84.2000026944,3
2656,8.63044,83.6000026752,3
2657,8.64347,83.1000026592,3
2658,8.65216,82.6000026432,3
2659,8.66229,82.2000026304,3
2660,8.67532,81.7000026144,3
2661,8.68834,81.3000026016,3
2662,8.69992,80.8000025856,3
2663,8.7115,80.3000025696,3
2664,8.72163,79.8000025536,3
2665,8.73465,79.4000025408,3
2666,8.74188,78.9000025248,3
2667,8.74478,78.500002512,3
2668,8.75201,78.000002496,3
2669,8.76214,77.50000248,3
2670,8.77371,76.9000024608,3
2671,8.78817,76.500002448,3
2672,8.79685,76.000002432,3
2673,8.80408,75.6000024192,3
2674,8.81421,75.2000024064,3
2675,8.82288,74.7000023904,3
2676,8.8359,74.3000023776,3
2677,8.84746,73.8000023616,3
2678,8.85469,73.4000023488,3
2679,8.86048,73.000002336,3
2680,8.86481,72.6000023232,3
2681,8.86915,72.2000023104,3
2682,8.8706,71.7000022944,3
2683,8.86626,71.1000022752,3
2684,8.86192,70.7000022624,3
2685,8.85903,70.2000022464,3
2686,8.86048,69.7000022304,3
2687,8.86192,69.2000022144,3
2688,8.85903,68.7000021984,3
2689,8.85036,68.1000021792,3
2690,8.84313,67.6000021632,3
2691,8.84024,67.1000021472,3
2692,8.84024,66.6000021312,3
2693,8.84457,66.1000021152,3
2694,8.85325,65.6000020992,3
2695,8.8706,65.1000020832,3
2696,8.89372,64.500002064,3
2697,8.9154,64.000002048,3
2698,8.93852,63.6000020352,3
2699,8.96309,63.1000020192,3
2700,8.99054,62.6000020032,3
2701,9.00931,62.1000019872,3
2702,9.02231,61.500001968,3
2703,9.03387,61.000001952,3
2704,9.04686,60.500001936,3
2705,9.06419,60.1000019232,3
2706,9.08007,59.500001904,3
2707,9.09306,59.000001888,3
2708,9.10461,58.500001872,3
2709,9.11327,58.000001856,3
2710,9.12482,57.4000018368,3
2711,9.13348,56.9000018208,3
2712,9.1407,56.4000018048,3
2713,9.14647,55.9000017888,3
2714,9.1508,55.4000017728,3
2715,9.14935,54.9000017568,3
2716,9.14935,54.3000017376,3
2717,9.14647,53.9000017248,3
2718,9.14358,53.4000017088,3
2719,9.13059,52.9000016928,3
2720,9.12049,52.4000016768,3
2721,9.11327,51.8000016576,3
2722,9.10317,51.3000016416,3
2723,9.09595,50.9000016288,3
2724,9.09018,50.4000016128,3
2725,9.0844,49.9000015968,3
2726,9.08007,49.500001584,3
2727,9.08007,49.1000015712,3
2728,9.0844,48.8000015616,3
2729,9.08151,48.3000015456,3
2730,9.08007,47.9000015328,3
2731,9.08585,47.3000015136,3
2732,9.09451,46.8000014976,3
2733,9.10317,46.3000014816,3
2734,9.10317,45.8000014656,3
2735,9.10461,45.3000014496,3
2736,9.1075,44.8000014336,3
2737,9.10894,44.3000014176,3
2738,9.1075,43.7000013984,3
2739,9.10461,43.1000013792,3
2740,9.10172,42.6000013632,3
2741,9.09739,42.1000013472,3
2742,9.09018,41.7000013344,3
2743,9.08729,41.2000013184,3
2744,9.08729,40.8000013056,3
2745,9.0844,40.4000012928,3
2746,9.08007,39.9000012768,3
2747,9.08007,39.500001264,3
2748,9.08151,39.000001248,3
2749,9.08296,38.6000012352,3
2750,9.08007,38.1000012192,3
2751,9.07718,37.7000012064,3
2752,9.07718,37.3000011936,3
2753,9.08007,37.000001184,3
2754,9.0844,36.500001168,3
2755,9.09018,36.000001152,3
2756,9.09162,35.4000011328,3
2757,9.09451,35.00000112,3
2758,9.10461,34.500001104,3
2759,9.11616,33.9000010848,3
2760,9.13059,33.3000010656,3
2761,9.14358,32.8000010496,3
2762,9.15224,32.3000010336,3
2763,9.15946,31.8000010176,3
2764,9.16811,31.3000010016,3
2765,9.17677,30.8000009856,3
2766,9.18976,30.4000009728,3
2767,9.20418,29.9000009568,3
2768,9.21428,29.4000009408,3
2769,9.22294,29.000000928,3
2770,9.23015,28.500000912,3
2771,9.24025,28.000000896,3
2772,9.25323,27.50000088,3
2773,9.26909,27.000000864,3
2774,9.28495,26.6000008512,3
2775,9.29649,26.1000008352,3
2776,9.30946,25.7000008224,3
2777,9.321,25.1000008032,3
2778,9.33541,24.6000007872,3
2779,9.34838,24.2000007744,3
2780,9.35991,23.7000007584,3
2781,9.37,23.1000007392,3
2782,9.37865,22.6000007232,3
2783,9.3873,22.000000704,3
2784,9.39738,21.500000688,3
2785,9.40603,20.9000006688,3
2786,9.41468,20.4000006528,3
2787,9.42332,19.9000006368,3
2788,9.43052,19.4000006208,3
2789,9.4334,18.9000006048,3
2790,9.43196,18.4000005888,3
2791,9.43052,18.000000576,3
2792,9.43196,17.7000005664,3
2793,9.43629,17.3000005536,3
2794,9.43917,16.9000005408,3
2795,9.44061,16.4000005248,3
2796,9.43629,15.8000005056,3
2797,9.42764,15.2000004864,3
2798,9.42044,14.8000004736,3
2799,9.42044,14.2000004544,3
2800,9.42764,13.7000004384,3
2801,9.43485,13.3000004256,3
2802,9.43773,12.8000004096,3
2803,9.43629,12.3000003936,3
2804,9.43196,11.8000003776,3
2805,9.43485,11.4000003648,3
2806,9.43917,10.9000003488,3
2807,9.44637,10.500000336,3
2808,9.45069,10.00000032,3
2809,9.45213,9.500000304,3
2810,9.45357,9.000000288,3
2811,9.45934,8.4000002688,3
2812,9.4723,7.9000002528,3
2813,9.4867,7.3000002336,3
2814,9.50254,6.8000002176,3
2815,9.51406,6.7000002144,3
2816,9.51982,6.6000002112,3
2817,9.5227,6.7000002144,3
2818,9.52846,6.7000002144,3
2819,9.53278,6.6000002112,3
2820,9.52702,6.500000208,3
2821,9.5155,6.500000208,3
2822,9.5011,6.6000002112,3
2823,9.4867,6.2000001984,3
2824,9.47374,5.3000001696,3
2825,17.98961,150.9000048288,8
2826,17.98536,150.9000048288,8
2827,17.97827,150.7000048224,8
2828,17.97543,150.2000048064,8
2829,17.97117,149.7000047904,8
2830,17.9655,149.2000047744,8
2831,17.95983,148.7000047584,8
2832,17.95699,148.2000047424,8
2833,17.95983,147.7000047264,8
2834,17.97543,147.2000047104,8
2835,17.99103,146.7000046944,8
2836,18.0038,146.3000046816,8
2837,18.01089,145.9000046688,8
2838,18.01657,145.4000046528,8
2839,18.01799,144.9000046368,8
2840,18.02224,144.4000046208,8
2841,18.03217,143.9000046048,8
2842,18.04636,143.4000045888,8
2843,18.06055,143.1000045792,8
2844,18.07331,142.50000456,8
2845,18.08325,142.1000045472,8
2846,18.09034,141.6000045312,8
2847,18.09318,141.1000045152,8
2848,18.09885,140.6000044992,8
2849,18.10879,140.1000044832,8
2850,18.11872,139.6000044672,8
2851,18.13007,139.1000044512,8
2852,18.13858,138.8000044416,8
2853,18.14284,138.3000044256,8
2854,18.14568,137.8000044096,8
2855,18.1471,137.4000043968,8
2856,18.15419,136.9000043808,8
2857,18.16838,136.4000043648,8
2858,18.18257,135.9000043488,8
2859,18.19109,135.4000043328,8
2860,18.19251,134.9000043168,8
2861,18.19393,134.4000043008,8
2862,18.19819,133.9000042848,8
2863,18.20528,133.4000042688,8
2864,18.21663,132.9000042528,8
2865,18.21947,132.4000042368,8
2866,18.21663,132.000004224,8
2867,18.21238,131.6000042112,8
2868,18.21096,131.1000041952,8
2869,18.21947,130.6000041792,8
2870,18.22941,130.2000041664,8
2871,18.2365,129.6000041472,8
2872,18.24076,129.2000041344,8
2873,18.2436,128.7000041184,8
2874,18.24928,128.3000041056,8
2875,18.25638,127.8000040896,8
2876,18.26631,127.3000040736,8
2877,18.27909,126.9000040608,8
2878,18.29044,126.500004048,8
2879,18.29896,126.000004032,8
2880,18.29754,125.500004016,8
2881,18.29328,125.1000040032,8
2882,18.29186,124.7000039904,8
2883,18.29186,124.1000039712,8
2884,18.29044,123.6000039552,8
2885,18.28902,123.2000039424,8
2886,18.28334,122.8000039296,8
2887,18.27341,122.2000039104,8
2888,18.26773,121.6000038912,8
2889,18.26489,121.000003872,8
2890,18.26347,120.4000038528,8
2891,18.25779,119.9000038368,8
2892,18.2507,119.4000038208,8
2893,18.24076,118.9000038048,8
2894,18.22941,118.3000037856,8
2895,18.21947,117.8000037696,8
2896,18.2138,117.3000037536,8
2897,18.20812,116.8000037376,8
2898,18.20244,116.4000037248,8
2899,18.19535,115.9000037088,8
2900,18.18683,115.3000036896,8
2901,18.18257,114.9000036768,8
2902,18.18257,114.3000036576,8
2903,18.18257,113.8000036416,8
2904,18.1769,113.2000036224,8
2905,18.16838,112.7000036064,8
2906,18.16129,112.2000035904,8
2907,18.16129,111.6000035712,8
2908,18.16555,111.2000035584,8
2909,18.16696,110.7000035424,8
2910,18.16413,110.2000035264,8
2911,18.15703,109.6000035072,8
2912,18.15561,109.1000034912,8
2913,18.15987,108.6000034752,8
2914,18.16271,108.2000034624,8
2915,18.16271,107.7000034464,8
2916,18.15845,107.3000034336,8
2917,18.15277,106.8000034176,8
2918,18.15135,106.3000034016,8
2919,18.15277,105.8000033856,8
2920,18.15277,105.2000033664,8
2921,18.14994,104.7000033504,8
2922,18.14568,104.2000033344,8
2923,18.14,103.6000033152,8
2924,18.13858,103.1000032992,8
2925,18.14,102.6000032832,8
2926,18.14,102.1000032672,8
2927,18.13433,101.7000032544,8
2928,18.12014,101.3000032416,8
2929,18.10595,100.8000032256,8
2930,18.10027,100.3000032096,8
2931,18.10169,99.7000031904,8
2932,18.10453,99.3000031776,8
2933,18.09885,98.7000031584,8
2934,18.08608,98.3000031456,8
2935,18.07331,97.8000031296,8
2936,18.06338,97.2000031104,8
2937,18.06338,96.8000030976,8
2938,18.06764,96.2000030784,8
2939,18.07048,95.7000030624,8
2940,18.0648,95.3000030496,8
2941,18.05629,94.8000030336,8
2942,18.05487,94.4000030208,8
2943,18.06196,94.000003008,8
2944,18.0719,93.6000029952,8
2945,18.08183,93.1000029792,8
2946,18.09176,92.6000029632,8
2947,18.09885,92.2000029504,8
2948,18.10169,91.7000029344,8
2949,18.10027,91.1000029152,8
2950,18.10027,90.6000028992,8
2951,18.10737,90.2000028864,8
2952,18.1173,89.7000028704,8
2953,18.12723,89.2000028544,8
2954,18.13716,88.6000028352,8
2955,18.1471,88.1000028192,8
2956,18.15845,87.7000028064,8
2957,18.16838,87.2000027904,8
2958,18.17974,86.7000027744,8
2959,18.18967,86.2000027584,8
2960,18.19819,85.6000027392,8
2961,18.20386,85.2000027264,8
2962,18.21096,84.7000027104,8
2963,18.22373,84.2000026944,8
2964,18.23934,83.6000026752,8
2965,18.25638,83.1000026592,8
2966,18.27341,82.6000026432,8
2967,18.28334,82.2000026304,8
2968,18.29186,81.7000026144,8
2969,18.29612,81.3000026016,8
2970,18.30322,80.8000025856,8
2971,18.31315,80.3000025696,8
2972,18.32451,79.8000025536,8
2973,18.33303,79.4000025408,8
2974,18.33729,78.9000025248,8
2975,18.33871,78.500002512,8
2976,18.33729,78.000002496,8
2977,18.33587,77.50000248,8
2978,18.33161,76.9000024608,8
2979,18.33587,76.500002448,8
2980,18.34013,76.000002432,8
2981,18.34155,75.6000024192,8
2982,18.34297,75.2000024064,8
2983,18.34439,74.7000023904,8
2984,18.34722,74.3000023776,8
2985,18.35716,73.8000023616,8
2986,18.36284,73.4000023488,8
2987,18.36568,73.000002336,8
2988,18.36852,72.6000023232,8
2989,18.36994,72.2000023104,8
2990,18.37136,71.7000022944,8
2991,18.3742,71.1000022752,8
2992,18.37846,70.7000022624,8
2993,18.38556,70.2000022464,8
2994,18.39692,69.7000022304,8
2995,18.40685,69.2000022144,8
2996,18.41963,68.7000021984,8
2997,18.42957,68.1000021792,8
2998,18.43525,67.6000021632,8
2999,18.43667,67.1000021472,8
3000,18.43809,66.6000021312,8
3001,18.44235,66.1000021152,8
3002,18.45371,65.6000020992,8
3003,18.46223,65.1000020832,8
3004,18.46933,64.500002064,8
3005,18.47359,64.000002048,8
3006,18.47643,63.6000020352,8
3007,18.48212,63.1000020192,8
3008,18.49774,62.6000020032,8
3009,18.51478,62.1000019872,8
3010,18.53182,61.500001968,8
3011,18.54887,61.000001952,8
3012,18.56591,60.500001936,8
3013,18.58154,60.1000019232,8
3014,18.59432,59.500001904,8
3015,18.61137,59.000001888,8
3016,18.63552,58.500001872,8
3017,18.66536,58.000001856,8
3018,18.69235,57.4000018368,8
3019,18.7094,56.9000018208,8
3020,18.71651,56.4000018048,8
3021,18.71793,55.9000017888,8
3022,18.72077,55.4000017728,8
3023,18.73214,54.9000017568,8
3024,18.74635,54.3000017376,8
3025,18.75772,53.9000017248,8
3026,18.76341,53.4000017088,8
3027,18.76341,52.9000016928,8
3028,18.76341,52.4000016768,8
3029,18.77051,51.8000016576,8
3030,18.7833,51.3000016416,8
3031,18.80178,50.9000016288,8
3032,18.81457,50.4000016128,8
3033,18.82026,49.9000015968,8
3034,18.82026,49.500001584,8
3035,18.81884,49.1000015712,8
3036,18.81315,48.8000015616,8
3037,18.81031,48.3000015456,8
3038,18.81315,47.9000015328,8
3039,18.81884,47.3000015136,8
3040,18.82594,46.8000014976,8
3041,18.83163,46.3000014816,8
3042,18.83589,45.8000014656,8
3043,18.83732,45.3000014496,8
3044,18.83732,44.8000014336,8
3045,18.83589,44.3000014176,8
3046,18.83447,43.7000013984,8
3047,18.84158,43.1000013792,8
3048,18.85153,42.6000013632,8
3049,18.86006,42.1000013472,8
3050,18.86859,41.7000013344,8
3051,18.8757,41.2000013184,8
3052,18.88281,40.8000013056,8
3053,18.8956,40.4000012928,8
3054,18.90413,39.9000012768,8
3055,18.90697,39.500001264,8
3056,18.90555,39.000001248,8
3057,18.90413,38.6000012352,8
3058,18.90555,38.1000012192,8
3059,18.91408,37.7000012064,8
3060,18.92404,37.3000011936,8
3061,18.92972,37.000001184,8
3062,18.92972,36.500001168,8
3063,18.9283,36.000001152,8
3064,18.9283,35.4000011328,8
3065,18.93257,35.00000112,8
3066,18.93825,34.500001104,8
3067,18.93825,33.9000010848,8
3068,18.93968,33.3000010656,8
3069,18.9411,32.8000010496,8
3070,18.94536,32.3000010336,8
3071,18.95247,31.8000010176,8
3072,18.95958,31.3000010016,8
3073,18.96527,30.8000009856,8
3074,18.97238,30.4000009728,8
3075,18.98234,29.9000009568,8
3076,18.99514,29.4000009408,8
3077,19.00936,29.000000928,8
3078,19.01931,28.500000912,8
3079,19.02642,28.000000896,8
3080,19.03211,27.50000088,8
3081,19.03496,27.000000864,8
3082,19.03496,26.6000008512,8
3083,19.03922,26.1000008352,8
3084,19.04776,25.7000008224,8
3085,19.05345,25.1000008032,8
3086,19.05487,24.6000007872,8
3087,19.05487,24.2000007744,8
3088,19.05203,23.7000007584,8
3089,19.04776,23.1000007392,8
3090,19.04349,22.6000007232,8
3091,19.04491,22.000000704,8
3092,19.04776,21.500000688,8
3093,19.0506,20.9000006688,8
3094,19.05629,20.4000006528,8
3095,19.06483,19.9000006368,8
3096,19.07763,19.4000006208,8
3097,19.08901,18.9000006048,8
3098,19.10039,18.4000005888,8
3099,19.11177,18.000000576,8
3100,19.12742,17.7000005664,8
3101,19.14165,17.3000005536,8
3102,19.15161,16.9000005408,8
3103,19.15872,16.4000005248,8
3104,19.16014,15.8000005056,8
3105,19.1573,15.2000004864,8
3106,19.15018,14.8000004736,8
3107,19.14022,14.2000004544,8
3108,19.12315,13.7000004384,8
3109,19.10039,13.3000004256,8
3110,19.06909,12.8000004096,8
3111,19.03353,12.3000003936,8
3112,18.99229,11.8000003776,8
3113,18.94679,11.4000003648,8
3114,18.90413,10.9000003488,8
3115,18.86717,10.500000336,8
3116,18.83163,10.00000032,8
3117,18.80036,9.500000304,8
3118,18.77335,9.000000288,8
3119,18.75062,8.4000002688,8
3120,18.7293,7.9000002528,8
3121,18.7094,7.3000002336,8
3122,18.69235,6.8000002176,8
3123,18.67672,6.7000002144,8
3124,18.65399,6.6000002112,8
3125,18.63694,6.7000002144,8
3126,18.64404,6.7000002144,8
3127,18.64973,6.6000002112,8
3128,18.64973,6.500000208,8
3129,18.65115,6.500000208,8
3130,18.65115,6.6000002112,8
3131,18.6412,6.2000001984,8
3132,18.62558,5.3000001696,8
3133,18.60569,4.7000001504,8
3134,18.58296,4.000000128,8
3135,18.56023,2.8000000896,8
3136,18.5375,1.6000000512,8
3137,18.51478,0.3000000096,8