id,value,altitude,measurementId
0,,188.9083333333334,9
1,,188.8818181818182,9
2,,188.8,9
3,,188.8416666666667,9
4,,188.8363636363636,9
5,8.06906,188.11818181818185,9
6,8.07342,187.1,9
7,8.07924,186.26,9
8,8.08505,186.1833333333333,9
9,8.09086,186.85454545454544,9
10,8.09522,186.5909090909091,9
11,8.10103,185.51818181818183,9
12,8.10539,184.47272727272727,9
13,8.1083,183.44,9
14,8.10975,182.35,9
15,8.11121,181.3,9
16,8.11121,180.3,9
17,8.11121,179.34545454545452,9
18,8.11121,178.5,9
19,8.11121,177.54999999999998,9
20,8.11121,176.46363636363637,9
21,8.11266,175.4,9
22,8.11266,174.4727272727273,9
23,8.11266,173.54000000000002,9
24,8.11266,172.45000000000002,9
25,8.11266,171.3272727272727,9
26,8.11266,170.41000000000005,9
27,8.11121,169.4,9
28,8.11121,168.3090909090909,9
29,8.11121,167.24545454545455,9
30,8.11121,166.29999999999998,9
31,8.11266,165.29999999999998,9
32,8.11266,164.23636363636365,9
33,8.11121,163.24545454545452,9
34,8.10975,162.29999999999998,9
35,8.1083,161.39090909090908,9
36,8.1083,160.45999999999998,9
37,8.1083,159.55833333333334,9
38,8.1083,158.5909090909091,9
39,8.1083,157.61818181818182,9
40,8.10685,156.70909090909092,9
41,8.10539,155.83636363636364,9
42,8.10249,154.9,9
43,8.10249,153.94545454545457,9
44,8.10103,153.0,9
45,8.10103,152.0,9
46,8.10394,151.0,9
47,8.10685,150.0,9
48,8.10975,149.0090909090909,9
49,8.11411,148.06363636363636,9
50,8.11847,147.15,9
51,8.12283,146.15,9
52,8.12864,145.1,9
53,8.13155,144.06363636363636,9
54,8.1359,143.08181818181816,9
55,8.13736,142.08,9
56,8.13736,141.15,9
57,8.13736,140.1727272727273,9
58,8.1359,139.24545454545455,9
59,8.13445,138.33636363636364,9
60,8.133,137.38181818181818,9
61,8.12864,136.46363636363637,9
62,8.12573,135.5,9
63,8.11992,134.5,9
64,8.11411,133.5090909090909,9
65,8.10975,132.57,9
66,8.10249,131.54999999999998,9
67,8.09522,130.5,9
68,8.08941,129.58181818181816,9
69,8.08214,128.63636363636363,9
70,8.07633,127.75000000000004,9
71,8.06906,126.76666666666668,9
72,8.06325,125.79090909090908,9
73,8.05598,124.82727272727274,9
74,8.05017,123.9,9
75,8.04435,123.04,9
76,8.03854,122.09166666666668,9
77,8.03272,121.0909090909091,9
78,8.02545,120.17272727272729,9
79,8.01528,119.15454545454546,9
80,8.00655,118.14545454545456,9
81,7.99347,117.1181818181818,9
82,7.98038,116.1,9
83,7.96292,115.13636363636364,9
84,7.94547,114.25,9
85,7.92801,113.25,9
86,7.9091,112.2,9
87,7.89163,111.25,9
88,7.87126,110.2666666666667,9
89,7.84942,109.2,9
90,7.82759,108.25,9
91,7.80429,107.25,9
92,7.78099,106.2,9
93,7.75914,105.2,9
94,7.73583,104.2,9
95,7.71252,103.25,9
96,7.68774,102.25,9
97,7.66442,101.2,9
98,7.6411,100.25,9
99,7.61777,99.25,9
100,7.59589,98.2,9
101,7.57256,97.2,9
102,7.55213,96.2,9
103,7.5317,95.2,9
104,7.51127,94.25,9
105,7.4923,93.34166666666668,9
106,7.47333,92.3,9
107,7.45289,91.35,9
108,7.4339,90.40833333333336,9
109,7.41346,89.4,9
110,7.39447,88.53,9
111,7.37402,87.55833333333334,9
112,7.35064,86.58181818181816,9
113,7.3258,85.6,9
114,7.29803,84.69090909090909,9
115,7.26879,83.7,9
116,7.23808,82.75,9
117,7.2059,81.75,9
118,7.17518,80.7,9
119,7.14152,79.75,9
120,7.11078,78.75,9
121,7.0771,77.7,9
122,7.04049,76.63636363636364,9
123,7.00386,75.60000000000001,9
124,6.96283,74.60000000000001,9
125,6.92178,73.65,9
126,6.88072,72.59166666666667,9
127,6.83817,71.57272727272726,9
128,6.79415,70.50909090909092,9
129,6.74864,69.5,9
130,6.70311,68.5,9
131,6.65757,67.5,9
132,6.61053,66.5,9
133,6.56348,65.5,9
134,6.51788,64.5,9
135,6.47374,63.48181818181818,9
136,6.42811,62.490909090909085,9
137,6.38245,61.48,9
138,6.33826,60.44166666666666,9
139,6.29404,59.30909090909091,9
140,6.24981,58.3,9
141,6.20704,57.3,9
142,6.16572,56.3,9
143,6.12735,55.35,9
144,6.08896,54.30833333333332,9
145,6.05499,53.2,9
146,6.021,52.24,9
147,5.98701,51.25,9
148,5.95301,50.2,9
149,5.91604,49.28181818181818,9
150,5.88053,48.3,9
151,5.84354,47.3,9
152,5.80505,46.26363636363636,9
153,5.76655,45.2,9
154,5.72655,44.25,9
155,5.68653,43.15833333333334,9
156,5.64057,42.1,9
157,5.59311,41.15,9
158,5.54266,40.150000000000006,9
159,5.49218,39.1,9
160,5.44019,38.118181818181824,9
161,5.38669,37.13636363636363,9
162,5.33316,36.2,9
163,5.27812,35.190909090909095,9
164,5.21857,34.1,9
165,5.15155,33.11999999999999,9
166,5.0815,32.083333333333336,9
167,5.00841,30.872727272727275,9
168,4.93527,29.840000000000003,9
169,4.85909,28.78333333333333,9
170,4.78435,27.645454545454548,9
171,4.70655,26.581818181818186,9
172,4.63019,25.5,9
173,4.55677,24.55,9
174,4.48179,23.48333333333333,9
175,4.40675,22.4,9
176,4.33465,21.40909090909091,9
177,4.264,20.4,9
178,4.19481,19.4,9
179,4.12707,18.363636363636363,9
180,4.06229,17.3,9
181,4.00048,16.20909090909091,9
182,3.93863,15.154545454545453,9
183,3.87825,14.1,9
184,3.81934,13.054545454545456,9
185,3.7619,11.972727272727273,9
186,3.70442,10.972727272727273,9
187,3.64388,9.900000000000002,9
188,3.58027,9.027272727272733,9
189,3.51357,8.436363636363637,9
190,3.46049,7.550000000000001,9
191,3.41799,6.616666666666667,9
192,3.37244,5.6,9
193,3.32079,4.6,9
194,3.2691,3.945454545454544,9
195,3.22195,3.254545454545456,9
196,3.19151,2.2153846153846164,9
197,3.22651,1.1166666666666671,9
198,3.26758,0.7272727272727302,9
199,3.30711,0.6454545454545446,9
200,8.15769,188.9083333333334,10
201,8.1606,188.8818181818182,10
202,8.16641,188.8,10
203,8.17077,188.8416666666667,10
204,8.17512,188.8363636363636,10
205,8.17948,188.11818181818185,10
206,8.18674,187.1,10
207,8.194,186.26,10
208,8.19981,186.1833333333333,10
209,8.20707,186.85454545454544,10
210,8.21433,186.5909090909091,10
211,8.22014,185.51818181818183,10
212,8.2274,184.47272727272727,10
213,8.23466,183.44,10
214,8.24191,182.35,10
215,8.24917,181.3,10
216,8.25643,180.3,10
217,8.26369,179.34545454545452,10
218,8.27094,178.5,10
219,8.2782,177.54999999999998,10
220,8.28546,176.46363636363637,10
221,8.29271,175.4,10
222,8.29997,174.4727272727273,10
223,8.30722,173.54000000000002,10
224,8.31448,172.45000000000002,10
225,8.32173,171.3272727272727,10
226,8.33044,170.41000000000005,10
227,8.33769,169.4,10
228,8.34494,168.3090909090909,10
229,8.35075,167.24545454545455,10
230,8.358,166.29999999999998,10
231,8.3638,165.29999999999998,10
232,8.3696,164.23636363636365,10
233,8.37395,163.24545454545452,10
234,8.37685,162.29999999999998,10
235,8.37975,161.39090909090908,10
236,8.38121,160.45999999999998,10
237,8.38266,159.55833333333334,10
238,8.38266,158.5909090909091,10
239,8.38411,157.61818181818182,10
240,8.38411,156.70909090909092,10
241,8.38266,155.83636363636364,10
242,8.38121,154.9,10
243,8.38121,153.94545454545457,10
244,8.37975,153.0,10
245,8.37975,152.0,10
246,8.37975,151.0,10
247,8.3783,150.0,10
248,8.3783,149.0090909090909,10
249,8.38266,148.06363636363636,10
250,8.38701,147.15,10
251,8.39136,146.15,10
252,8.39281,145.1,10
253,8.39571,144.06363636363636,10
254,8.39716,143.08181818181816,10
255,8.39861,142.08,10
256,8.39716,141.15,10
257,8.39571,140.1727272727273,10
258,8.39426,139.24545454545455,10
259,8.39281,138.33636363636364,10
260,8.39136,137.38181818181818,10
261,8.39281,136.46363636363637,10
262,8.39281,135.5,10
263,8.39716,134.5,10
264,8.40151,133.5090909090909,10
265,8.40731,132.57,10
266,8.40731,131.54999999999998,10
267,8.40586,130.5,10
268,8.40151,129.58181818181816,10
269,8.39426,128.63636363636363,10
270,8.38556,127.75000000000004,10
271,8.37395,126.76666666666668,10
272,8.36235,125.79090909090908,10
273,8.34639,124.82727272727274,10
274,8.32899,123.9,10
275,8.30867,123.04,10
276,8.28981,122.09166666666668,10
277,8.26949,121.0909090909091,10
278,8.25062,120.17272727272729,10
279,8.2332,119.15454545454546,10
280,8.22014,118.14545454545456,10
281,8.21433,117.1181818181818,10
282,8.20997,116.1,10
283,8.21288,115.13636363636364,10
284,8.22014,114.25,10
285,8.22885,113.25,10
286,8.23756,112.2,10
287,8.24482,111.25,10
288,8.25062,110.2666666666667,10
289,8.25788,109.2,10
290,8.26078,108.25,10
291,8.26514,107.25,10
292,8.2724,106.2,10
293,8.27965,105.2,10
294,8.28255,104.2,10
295,8.28255,103.25,10
296,8.2811,102.25,10
297,8.27675,101.2,10
298,8.27094,100.25,10
299,8.26659,99.25,10
300,8.26659,98.2,10
301,8.26804,97.2,10
302,8.27094,96.2,10
303,8.2753,95.2,10
304,8.2811,94.25,10
305,8.28981,93.34166666666668,10
306,8.29852,92.3,10
307,8.30867,91.35,10
308,8.31448,90.40833333333336,10
309,8.31303,89.4,10
310,8.30867,88.53,10
311,8.29997,87.55833333333334,10
312,8.28981,86.58181818181816,10
313,8.27965,85.6,10
314,8.27094,84.69090909090909,10
315,8.26078,83.7,10
316,8.25207,82.75,10
317,8.24337,81.75,10
318,8.23466,80.7,10
319,8.2274,79.75,10
320,8.21723,78.75,10
321,8.20852,77.7,10
322,8.19836,76.63636363636364,10
323,8.18674,75.60000000000001,10
324,8.17657,74.60000000000001,10
325,8.16496,73.65,10
326,8.15043,72.59166666666667,10
327,8.133,71.57272727272726,10
328,8.1083,70.50909090909092,10
329,8.07488,69.5,10
330,8.03563,68.5,10
331,7.98765,67.5,10
332,7.92801,66.5,10
333,7.8567,65.5,10
334,7.77662,64.5,10
335,7.69357,63.48181818181818,10
336,7.60902,62.490909090909085,10
337,7.52587,61.48,10
338,7.44267,60.44166666666666,10
339,7.36087,59.30909090909091,10
340,7.27902,58.3,10
341,7.19859,57.3,10
342,7.11956,56.3,10
343,7.04195,55.35,10
344,6.96283,54.30833333333332,10
345,6.88365,53.2,10
346,6.80442,52.24,10
347,6.72367,51.25,10
348,6.64287,50.2,10
349,6.56201,49.28181818181818,10
350,6.47815,48.3,10
351,6.39276,47.3,10
352,6.30141,46.26363636363636,10
353,6.20851,45.2,10
354,6.11554,44.25,10
355,6.02396,43.15833333333334,10
356,5.93674,42.1,10
357,5.84798,41.15,10
358,5.76062,40.150000000000006,10
359,5.67319,39.1,10
360,5.58717,38.118181818181824,10
361,5.50109,37.13636363636363,10
362,5.4179,36.2,10
363,5.33316,35.190909090909095,10
364,5.24835,34.1,10
365,5.16496,33.11999999999999,10
366,5.08001,32.083333333333336,10
367,4.99797,30.872727272727275,10
368,4.91586,29.840000000000003,10
369,4.83518,28.78333333333333,10
370,4.75294,27.645454545454548,10
371,4.67362,26.581818181818186,10
372,4.59423,25.5,10
373,4.51478,24.55,10
374,4.43527,23.48333333333333,10
375,4.35418,22.4,10
376,4.27002,21.40909090909091,10
377,4.18578,20.4,10
378,4.10899,19.4,10
379,4.0427,18.363636363636363,10
380,3.97786,17.3,10
381,3.92052,16.20909090909091,10
382,3.86164,15.154545454545453,10
383,3.80574,14.1,10
384,3.75585,13.054545454545456,10
385,3.69988,11.972727272727273,10
386,3.644605,10.972727272727273,10
387,3.589898,9.900000000000002,10
388,3.535191,9.027272727272733,10
389,3.480484,8.436363636363637,10
390,3.425777,7.550000000000001,10
391,3.37107,6.616666666666667,10
392,3.316363,5.6,10
393,3.261656,4.6,10
394,3.206949,3.945454545454544,10
395,3.152242,3.254545454545456,10
396,3.097535,2.2153846153846164,10
397,3.042828,1.1166666666666671,10
398,2.988121,0.7272727272727302,10
399,2.933414,0.6454545454545446,10
400,,188.9083333333334,11
401,,188.8818181818182,11
402,,188.8,11
403,,188.8416666666667,11
404,,188.8363636363636,11
405,,188.11818181818185,11
406,,187.1,11
407,,186.26,11
408,,186.1833333333333,11
409,,186.85454545454544,11
410,,186.5909090909091,11
411,,185.51818181818183,11
412,,184.47272727272727,11
413,,183.44,11
414,,182.35,11
415,,181.3,11
416,,180.3,11
417,,179.34545454545452,11
418,,178.5,11
419,,177.54999999999998,11
420,,176.46363636363637,11
421,,175.4,11
422,,174.4727272727273,11
423,,173.54000000000002,11
424,,172.45000000000002,11
425,,171.3272727272727,11
426,,170.41000000000005,11
427,,169.4,11
428,,168.3090909090909,11
429,,167.24545454545455,11
430,,166.29999999999998,11
431,,165.29999999999998,11
432,,164.23636363636365,11
433,,163.24545454545452,11
434,,162.29999999999998,11
435,,161.39090909090908,11
436,,160.45999999999998,11
437,,159.55833333333334,11
438,,158.5909090909091,11
439,,157.61818181818182,11
440,,156.70909090909092,11
441,,155.83636363636364,11
442,,154.9,11
443,,153.94545454545457,11
444,,153.0,11
445,,152.0,11
446,,151.0,11
447,,150.0,11
448,,149.0090909090909,11
449,,148.06363636363636,11
450,,147.15,11
451,,146.15,11
452,7.47187,145.1,11
453,7.48646,144.06363636363636,11
454,7.50106,143.08181818181816,11
455,7.51419,142.08,11
456,7.52733,141.15,11
457,7.539,140.1727272727273,11
458,7.54921,139.24545454545455,11
459,7.55943,138.33636363636364,11
460,7.5711,137.38181818181818,11
461,7.58131,136.46363636363637,11
462,7.59152,135.5,11
463,7.60173,134.5,11
464,7.60902,133.5090909090909,11
465,7.61631,132.57,11
466,7.6236,131.54999999999998,11
467,7.63381,130.5,11
468,7.64256,129.58181818181816,11
469,7.65422,128.63636363636363,11
470,7.66442,127.75000000000004,11
471,7.67608,126.76666666666668,11
472,7.68629,125.79090909090908,11
473,7.69649,124.82727272727274,11
474,7.70669,123.9,11
475,7.71689,123.04,11
476,7.73,122.09166666666668,11
477,7.73875,121.0909090909091,11
478,7.74457,120.17272727272729,11
479,7.75186,119.15454545454546,11
480,7.75768,118.14545454545456,11
481,7.7606,117.1181818181818,11
482,7.76205,116.1,11
483,7.76205,115.13636363636364,11
484,7.76497,114.25,11
485,7.76205,113.25,11
486,7.75331,112.2,11
487,7.74312,111.25,11
488,7.73437,110.2666666666667,11
489,7.72709,109.2,11
490,7.71689,108.25,11
491,7.70815,107.25,11
492,7.70378,106.2,11
493,7.6994,105.2,11
494,7.69503,104.2,11
495,7.69212,103.25,11
496,7.69212,102.25,11
497,7.69212,101.2,11
498,7.69212,100.25,11
499,7.69503,99.25,11
500,7.69503,98.2,11
501,7.69357,97.2,11
502,7.69212,96.2,11
503,7.69066,95.2,11
504,7.68337,94.25,11
505,7.67463,93.34166666666668,11
506,7.66734,92.3,11
507,7.65859,91.35,11
508,7.65276,90.40833333333336,11
509,7.64547,89.4,11
510,7.63672,88.53,11
511,7.62798,87.55833333333334,11
512,7.61631,86.58181818181816,11
513,7.60319,85.6,11
514,7.5886,84.69090909090909,11
515,7.57547,83.7,11
516,7.56234,82.75,11
517,7.54921,81.75,11
518,7.53754,80.7,11
519,7.52879,79.75,11
520,7.52003,78.75,11
521,7.51273,77.7,11
522,7.50398,76.63636363636364,11
523,7.49522,75.60000000000001,11
524,7.48938,74.60000000000001,11
525,7.48354,73.65,11
526,7.48062,72.59166666666667,11
527,7.4777,71.57272727272726,11
528,7.47041,70.50909090909092,11
529,7.46165,69.5,11
530,7.45289,68.5,11
531,7.44413,67.5,11
532,7.43974,66.5,11
533,7.43536,65.5,11
534,7.43098,64.5,11
535,7.42076,63.48181818181818,11
536,7.40323,62.490909090909085,11
537,7.37402,61.48,11
538,7.33457,60.44166666666666,11
539,7.28633,59.30909090909091,11
540,7.22638,58.3,11
541,7.15908,57.3,11
542,7.09467,56.3,11
543,7.0317,55.35,11
544,6.96576,54.30833333333332,11
545,6.89832,53.2,11
546,6.8323,52.24,11
547,6.76479,51.25,11
548,6.6943,50.2,11
549,6.62229,49.28181818181818,11
550,6.55025,48.3,11
551,6.47521,47.3,11
552,6.4016,46.26363636363636,11
553,6.32352,45.2,11
554,6.23506,44.25,11
555,6.14801,43.15833333333334,11
556,6.0668,42.1,11
557,5.99292,41.15,11
558,5.92195,40.150000000000006,11
559,5.85242,39.1,11
560,5.78284,38.118181818181824,11
561,5.71469,37.13636363636363,11
562,5.64354,36.2,11
563,5.57234,35.190909090909095,11
564,5.49812,34.1,11
565,5.4179,33.11999999999999,11
566,5.33613,32.083333333333336,11
567,5.2543,30.872727272727275,11
568,5.17241,29.840000000000003,11
569,5.08746,28.78333333333333,11
570,4.99946,27.645454545454548,11
571,4.90989,26.581818181818186,11
572,4.81724,25.5,11
573,4.72451,24.55,11
574,4.63319,23.48333333333333,11
575,4.54627,22.4,11
576,4.46378,21.40909090909091,11
577,4.38723,20.4,11
578,4.32263,19.4,11
579,4.26551,18.363636363636363,11
580,4.2234,17.3,11
581,4.1918,16.20909090909091,11
582,4.16922,15.154545454545453,11
583,4.14965,14.1,11
584,4.13309,13.054545454545456,11
585,4.12104,11.972727272727273,11
586,4.10297,10.972727272727273,11
587,4.07886,9.900000000000002,11
588,4.05325,9.027272727272733,11
589,4.0231,8.436363636363637,11
590,3.98691,7.550000000000001,11
591,3.94919,6.616666666666667,11
592,3.90844,5.6,11
593,3.871485,4.6,11
594,3.833315,3.945454545454544,11
595,3.795145,3.254545454545456,11
596,3.756975,2.2153846153846164,11
597,3.718805,1.1166666666666671,11
598,3.680635,0.7272727272727302,11
599,3.642465,0.6454545454545446,11
600,,188.9083333333334,12
601,,188.8818181818182,12
602,,188.8,12
603,,188.8416666666667,12
604,,188.8363636363636,12
605,,188.11818181818185,12
606,,187.1,12
607,,186.26,12
608,,186.1833333333333,12
609,,186.85454545454544,12
610,,186.5909090909091,12
611,,185.51818181818183,12
612,,184.47272727272727,12
613,,183.44,12
614,,182.35,12
615,,181.3,12
616,,180.3,12
617,,179.34545454545452,12
618,,178.5,12
619,,177.54999999999998,12
620,,176.46363636363637,12
621,,175.4,12
622,,174.4727272727273,12
623,,173.54000000000002,12
624,,172.45000000000002,12
625,,171.3272727272727,12
626,,170.41000000000005,12
627,,169.4,12
628,,168.3090909090909,12
629,,167.24545454545455,12
630,,166.29999999999998,12
631,,165.29999999999998,12
632,,164.23636363636365,12
633,,163.24545454545452,12
634,,162.29999999999998,12
635,,161.39090909090908,12
636,,160.45999999999998,12
637,,159.55833333333334,12
638,,158.5909090909091,12
639,,157.61818181818182,12
640,,156.70909090909092,12
641,,155.83636363636364,12
642,,154.9,12
643,,153.94545454545457,12
644,,153.0,12
645,,152.0,12
646,9.41179,151.0,12
647,9.43917,150.0,12
648,9.46654,149.0090909090909,12
649,9.49534,148.06363636363636,12
650,9.52126,147.15,12
651,9.54718,146.15,12
652,9.57165,145.1,12
653,9.59469,144.06363636363636,12
654,9.61771,143.08181818181816,12
655,9.6393,142.08,12
656,9.65801,141.15,12
657,9.67383,140.1727272727273,12
658,9.68822,139.24545454545455,12
659,9.70404,138.33636363636364,12
660,9.71699,137.38181818181818,12
661,9.72993,136.46363636363637,12
662,9.74288,135.5,12
663,9.75726,134.5,12
664,9.77308,133.5090909090909,12
665,9.79033,132.57,12
666,9.80614,131.54999999999998,12
667,9.82052,130.5,12
668,9.83346,129.58181818181816,12
669,9.84496,128.63636363636363,12
670,9.85358,127.75000000000004,12
671,9.86364,126.76666666666668,12
672,9.87227,125.79090909090908,12
673,9.88089,124.82727272727274,12
674,9.88664,123.9,12
675,9.89382,123.04,12
676,9.89957,122.09166666666668,12
677,9.90819,121.0909090909091,12
678,9.91681,120.17272727272729,12
679,9.92543,119.15454545454546,12
680,9.93549,118.14545454545456,12
681,9.94698,117.1181818181818,12
682,9.9556,116.1,12
683,9.95704,115.13636363636364,12
684,9.95991,114.25,12
685,9.9556,113.25,12
686,9.94555,112.2,12
687,9.93262,111.25,12
688,9.91681,110.2666666666667,12
689,9.90244,109.2,12
690,9.8852,108.25,12
691,9.85933,107.25,12
692,9.82771,106.2,12
693,9.79033,105.2,12
694,9.74575,104.2,12
695,9.69397,103.25,12
696,9.6393,102.25,12
697,9.58173,101.2,12
698,9.51982,100.25,12
699,9.45645,99.25,12
700,9.38874,98.2,12
701,9.321,97.2,12
702,9.25178,96.2,12
703,9.18254,95.2,12
704,9.1176,94.25,12
705,9.05264,93.34166666666668,12
706,8.99054,92.3,12
707,8.92985,91.35,12
708,8.87204,90.40833333333336,12
709,8.81565,89.4,12
710,8.75924,88.53,12
711,8.70282,87.55833333333334,12
712,8.64637,86.58181818181816,12
713,8.59279,85.6,12
714,8.5392,84.69090909090909,12
715,8.48704,83.7,12
716,8.43775,82.75,12
717,8.39136,81.75,12
718,8.34785,80.7,12
719,8.30577,79.75,12
720,8.26804,78.75,12
721,8.23175,77.7,12
722,8.19691,76.63636363636364,12
723,8.1635,75.60000000000001,12
724,8.13155,74.60000000000001,12
725,8.10103,73.65,12
726,8.07342,72.59166666666667,12
727,8.04581,71.57272727272726,12
728,8.01964,70.50909090909092,12
729,7.99492,69.5,12
730,7.9702,68.5,12
731,7.94256,67.5,12
732,7.91637,66.5,12
733,7.88727,65.5,12
734,7.85961,64.5,12
735,7.8305,63.48181818181818,12
736,7.80138,62.490909090909085,12
737,7.77225,61.48,12
738,7.74603,60.44166666666666,12
739,7.71543,59.30909090909091,12
740,7.68046,58.3,12
741,7.63964,57.3,12
742,7.59443,56.3,12
743,7.54775,55.35,12
744,7.49522,54.30833333333332,12
745,7.44267,53.2,12
746,7.39009,52.24,12
747,7.33895,51.25,12
748,7.28779,50.2,12
749,7.23662,49.28181818181818,12
750,7.18688,48.3,12
751,7.13713,47.3,12
752,7.08882,46.26363636363636,12
753,7.04049,45.2,12
754,6.9936,44.25,12
755,6.94817,43.15833333333334,12
756,6.90418,42.1,12
757,6.86165,41.15,12
758,6.82057,40.150000000000006,12
759,6.77947,39.1,12
760,6.7413,38.118181818181824,12
761,6.70311,37.13636363636363,12
762,6.66638,36.2,12
763,6.63111,35.190909090909095,12
764,6.59877,34.1,12
765,6.5679,33.11999999999999,12
766,6.53995,32.083333333333336,12
767,6.512,30.872727272727275,12
768,6.48551,29.840000000000003,12
769,6.45755,28.78333333333333,12
770,6.43105,27.645454545454548,12
771,6.40749,26.581818181818186,12
772,6.38687,25.5,12
773,6.36772,24.55,12
774,6.35004,23.48333333333333,12
775,6.33384,22.4,12
776,6.3191,21.40909090909091,12
777,6.30289,20.4,12
778,6.28372,19.4,12
779,6.26161,18.363636363636363,12
780,6.23654,17.3,12
781,6.20704,16.20909090909091,12
782,6.17458,15.154545454545453,12
783,6.14211,14.1,12
784,6.11111,13.054545454545456,12
785,6.07714,11.972727272727273,12
786,6.04465,10.972727272727273,12
787,6.01362,9.900000000000002,12
788,5.99145,9.027272727272733,12
789,5.98997,8.436363636363637,12
790,6.00179,7.550000000000001,12
791,6.021,6.616666666666667,12
792,6.04317,5.6,12
793,6.07271,4.6,12
794,6.09486,3.945454545454544,12
795,6.11701,3.254545454545456,12
796,6.13768,2.2153846153846164,12
797,6.1613,1.1166666666666671,12
798,6.18933,0.7272727272727302,12
799,6.21884,0.6454545454545446,12
800,,188.9083333333334,13
801,,188.8818181818182,13
802,,188.8,13
803,,188.8416666666667,13
804,,188.8363636363636,13
805,,188.11818181818185,13
806,,187.1,13
807,,186.26,13
808,,186.1833333333333,13
809,,186.85454545454544,13
810,,186.5909090909091,13
811,,185.51818181818183,13
812,,184.47272727272727,13
813,,183.44,13
814,,182.35,13
815,,181.3,13
816,,180.3,13
817,,179.34545454545452,13
818,,178.5,13
819,,177.54999999999998,13
820,,176.46363636363637,13
821,,175.4,13
822,,174.4727272727273,13
823,,173.54000000000002,13
824,,172.45000000000002,13
825,,171.3272727272727,13
826,,170.41000000000005,13
827,,169.4,13
828,,168.3090909090909,13
829,,167.24545454545455,13
830,,166.29999999999998,13
831,,165.29999999999998,13
832,,164.23636363636365,13
833,,163.24545454545452,13
834,,162.29999999999998,13
835,,161.39090909090908,13
836,,160.45999999999998,13
837,,159.55833333333334,13
838,,158.5909090909091,13
839,,157.61818181818182,13
840,,156.70909090909092,13
841,8.96453,155.83636363636364,13
842,8.98476,154.9,13
843,9.00354,153.94545454545457,13
844,9.02376,153.0,13
845,9.04253,152.0,13
846,9.0613,151.0,13
847,9.07718,150.0,13
848,9.09306,149.0090909090909,13
849,9.10606,148.06363636363636,13
850,9.1176,147.15,13
851,9.13059,146.15,13
852,9.14214,145.1,13
853,9.15513,144.06363636363636,13
854,9.16667,143.08181818181816,13
855,9.17821,142.08,13
856,9.18976,141.15,13
857,9.19986,140.1727272727273,13
858,9.20995,139.24545454545455,13
859,9.22005,138.33636363636364,13
860,9.23015,137.38181818181818,13
861,9.24169,136.46363636363637,13
862,9.25467,135.5,13
863,9.26765,134.5,13
864,9.28063,133.5090909090909,13
865,9.2936,132.57,13
866,9.30658,131.54999999999998,13
867,9.31955,130.5,13
868,9.33109,129.58181818181816,13
869,9.34262,128.63636363636363,13
870,9.35415,127.75000000000004,13
871,9.36136,126.76666666666668,13
872,9.37144,125.79090909090908,13
873,9.38441,124.82727272727274,13
874,9.39594,123.9,13
875,9.40891,123.04,13
876,9.42188,122.09166666666668,13
877,9.43773,121.0909090909091,13
878,9.45213,120.17272727272729,13
879,9.46654,119.15454545454546,13
880,9.48094,118.14545454545456,13
881,9.49534,117.1181818181818,13
882,9.50974,116.1,13
883,9.52414,115.13636363636364,13
884,9.53998,114.25,13
885,9.55294,113.25,13
886,9.5659,112.2,13
887,9.57741,111.25,13
888,9.58749,110.2666666666667,13
889,9.59756,109.2,13
890,9.6062,108.25,13
891,9.61484,107.25,13
892,9.62491,106.2,13
893,9.63498,105.2,13
894,9.64218,104.2,13
895,9.65081,103.25,13
896,9.65801,102.25,13
897,9.66376,101.2,13
898,9.66808,100.25,13
899,9.67527,99.25,13
900,9.6839,98.2,13
901,9.69253,97.2,13
902,9.7026,96.2,13
903,9.71123,95.2,13
904,9.71843,94.25,13
905,9.72418,93.34166666666668,13
906,9.72993,92.3,13
907,9.73425,91.35,13
908,9.73856,90.40833333333336,13
909,9.74,89.4,13
910,9.74288,88.53,13
911,9.74431,87.55833333333334,13
912,9.74288,86.58181818181816,13
913,9.73856,85.6,13
914,9.73137,84.69090909090909,13
915,9.71699,83.7,13
916,9.69685,82.75,13
917,9.66952,81.75,13
918,9.63354,80.7,13
919,9.59756,79.75,13
920,9.56014,78.75,13
921,9.52126,77.7,13
922,9.48238,76.63636363636364,13
923,9.44061,75.60000000000001,13
924,9.39883,74.60000000000001,13
925,9.35991,73.65,13
926,9.32244,72.59166666666667,13
927,9.28495,71.57272727272726,13
928,9.24746,70.50909090909092,13
929,9.20995,69.5,13
930,9.17533,68.5,13
931,9.14214,67.5,13
932,9.11183,66.5,13
933,9.08007,65.5,13
934,9.04542,64.5,13
935,9.01076,63.48181818181818,13
936,8.97898,62.490909090909085,13
937,8.94864,61.48,13
938,8.91974,60.44166666666666,13
939,8.88794,59.30909090909091,13
940,8.85469,58.3,13
941,8.81855,57.3,13
942,8.7795,56.3,13
943,8.74044,55.35,13
944,8.69847,54.30833333333332,13
945,8.65505,53.2,13
946,8.60872,52.24,13
947,8.55803,51.25,13
948,8.50153,50.2,13
949,8.43775,49.28181818181818,13
950,8.3667,48.3,13
951,8.29271,47.3,13
952,8.21578,46.26363636363636,13
953,8.13736,45.2,13
954,8.05744,44.25,13
955,7.97747,43.15833333333334,13
956,7.89746,42.1,13
957,7.81885,41.15,13
958,7.7402,40.150000000000006,13
959,7.66151,39.1,13
960,7.58568,38.118181818181824,13
961,7.50836,37.13636363636363,13
962,7.43098,36.2,13
963,7.35503,35.190909090909095,13
964,7.28048,34.1,13
965,7.2059,33.11999999999999,13
966,7.13273,32.083333333333336,13
967,7.05953,30.872727272727275,13
968,6.98628,29.840000000000003,13
969,6.91445,28.78333333333333,13
970,6.84258,27.645454545454548,13
971,6.77066,26.581818181818186,13
972,6.6987,25.5,13
973,6.6267,24.55,13
974,6.55613,23.48333333333333,13
975,6.48257,22.4,13
976,6.40602,21.40909090909091,13
977,6.32352,20.4,13
978,6.23654,19.4,13
979,6.14801,18.363636363636363,13
980,6.05942,17.3,13
981,5.97371,16.20909090909091,13
982,5.88793,15.154545454545453,13
983,5.80505,14.1,13
984,5.72506,13.054545454545456,13
985,5.64799,11.972727272727273,13
986,5.57679,10.972727272727273,13
987,5.5189,9.900000000000002,13
988,5.47584,9.027272727272733,13
989,5.44167,8.436363636363637,13
990,5.41344,7.550000000000001,13
991,5.38966,6.616666666666667,13
992,5.37034,5.6,13
993,5.35101,4.6,13
994,5.3287,3.945454545454544,13
995,5.309375,3.254545454545456,13
996,5.289154,2.2153846153846164,13
997,5.268933,1.1166666666666671,13
998,5.248712,0.7272727272727302,13
999,5.228491,0.6454545454545446,13
1000,,188.9083333333334,14
1001,,188.8818181818182,14
1002,,188.8,14
1003,,188.8416666666667,14
1004,,188.8363636363636,14
1005,9.7587,188.11818181818185,14
1006,9.76445,187.1,14
1007,9.7702,186.26,14
1008,9.77739,186.1833333333333,14
1009,9.78314,186.85454545454544,14
1010,9.78889,186.5909090909091,14
1011,9.79464,185.51818181818183,14
1012,9.80039,184.47272727272727,14
1013,9.80614,183.44,14
1014,9.81333,182.35,14
1015,9.82052,181.3,14
1016,9.82915,180.3,14
1017,9.83777,179.34545454545452,14
1018,9.84639,178.5,14
1019,9.85502,177.54999999999998,14
1020,9.8622,176.46363636363637,14
1021,9.87083,175.4,14
1022,9.87801,174.4727272727273,14
1023,9.8852,173.54000000000002,14
1024,9.89238,172.45000000000002,14
1025,9.89669,171.3272727272727,14
1026,9.90388,170.41000000000005,14
1027,9.90963,169.4,14
1028,9.91394,168.3090909090909,14
1029,9.91968,167.24545454545455,14
1030,9.92543,166.29999999999998,14
1031,9.93118,165.29999999999998,14
1032,9.93693,164.23636363636365,14
1033,9.94267,163.24545454545452,14
1034,9.94842,162.29999999999998,14
1035,9.9556,161.39090909090908,14
1036,9.96135,160.45999999999998,14
1037,9.96853,159.55833333333334,14
1038,9.97571,158.5909090909091,14
1039,9.98433,157.61818181818182,14
1040,9.99151,156.70909090909092,14
1041,10.00013,155.83636363636364,14
1042,10.00731,154.9,14
1043,10.01592,153.94545454545457,14
1044,10.0231,153.0,14
1045,10.03028,152.0,14
1046,10.0389,151.0,14
1047,10.04608,150.0,14
1048,10.05469,149.0090909090909,14
1049,10.06187,148.06363636363636,14
1050,10.07049,147.15,14
1051,10.0791,146.15,14
1052,10.08628,145.1,14
1053,10.09489,144.06363636363636,14
1054,10.10207,143.08181818181816,14
1055,10.10924,142.08,14
1056,10.11642,141.15,14
1057,10.12216,140.1727272727273,14
1058,10.1279,139.24545454545455,14
1059,10.13364,138.33636363636364,14
1060,10.13938,137.38181818181818,14
1061,10.14513,136.46363636363637,14
1062,10.15087,135.5,14
1063,10.15517,134.5,14
1064,10.16235,133.5090909090909,14
1065,10.16809,132.57,14
1066,10.17526,131.54999999999998,14
1067,10.18243,130.5,14
1068,10.18674,129.58181818181816,14
1069,10.18961,128.63636363636363,14
1070,10.18961,127.75000000000004,14
1071,10.18961,126.76666666666668,14
1072,10.1853,125.79090909090908,14
1073,10.181,124.82727272727274,14
1074,10.17669,123.9,14
1075,10.17096,123.04,14
1076,10.16378,122.09166666666668,14
1077,10.15661,121.0909090909091,14
1078,10.14943,120.17272727272729,14
1079,10.14082,119.15454545454546,14
1080,10.13364,118.14545454545456,14
1081,10.12503,117.1181818181818,14
1082,10.11212,116.1,14
1083,10.10063,115.13636363636364,14
1084,10.08915,114.25,14
1085,10.07479,113.25,14
1086,10.06331,112.2,14
1087,10.05326,111.25,14
1088,10.04608,110.2666666666667,14
1089,10.0389,109.2,14
1090,10.03316,108.25,14
1091,10.02885,107.25,14
1092,10.02598,106.2,14
1093,10.0231,105.2,14
1094,10.02167,104.2,14
1095,10.02167,103.25,14
1096,10.02167,102.25,14
1097,10.02167,101.2,14
1098,10.0231,100.25,14
1099,10.02454,99.25,14
1100,10.02598,98.2,14
1101,10.02885,97.2,14
1102,10.03172,96.2,14
1103,10.03603,95.2,14
1104,10.04034,94.25,14
1105,10.04321,93.34166666666668,14
1106,10.04608,92.3,14
1107,10.04751,91.35,14
1108,10.05039,90.40833333333336,14
1109,10.05039,89.4,14
1110,10.05039,88.53,14
1111,10.04895,87.55833333333334,14
1112,10.04895,86.58181818181816,14
1113,10.04751,85.6,14
1114,10.04751,84.69090909090909,14
1115,10.04608,83.7,14
1116,10.04608,82.75,14
1117,10.04321,81.75,14
1118,10.04034,80.7,14
1119,10.0389,79.75,14
1120,10.03459,78.75,14
1121,10.02598,77.7,14
1122,10.01162,76.63636363636364,14
1123,9.99438,75.60000000000001,14
1124,9.97427,74.60000000000001,14
1125,9.95129,73.65,14
1126,9.92256,72.59166666666667,14
1127,9.88807,71.57272727272726,14
1128,9.85358,70.50909090909092,14
1129,9.81908,69.5,14
1130,9.78458,68.5,14
1131,9.75007,67.5,14
1132,9.71699,66.5,14
1133,9.68534,65.5,14
1134,9.65225,64.5,14
1135,9.61915,63.48181818181818,14
1136,9.58461,62.490909090909085,14
1137,9.54862,61.48,14
1138,9.50974,60.44166666666666,14
1139,9.46942,59.30909090909091,14
1140,9.42764,58.3,14
1141,9.38441,57.3,14
1142,9.34262,56.3,14
1143,9.29937,55.35,14
1144,9.25611,54.30833333333332,14
1145,9.2114,53.2,14
1146,9.16378,52.24,14
1147,9.11616,51.25,14
1148,9.06852,50.2,14
1149,9.01942,49.28181818181818,14
1150,8.96887,48.3,14
1151,8.91685,47.3,14
1152,8.86481,46.26363636363636,14
1153,8.80987,45.2,14
1154,8.7549,44.25,14
1155,8.69847,43.15833333333334,14
1156,8.64347,42.1,14
1157,8.5899,41.15,14
1158,8.53775,40.150000000000006,14
1159,8.48993,39.1,14
1160,8.44355,38.118181818181824,14
1161,8.40006,37.13636363636363,14
1162,8.358,36.2,14
1163,8.31738,35.190909090909095,14
1164,8.27965,34.1,14
1165,8.24191,33.11999999999999,14
1166,8.20562,32.083333333333336,14
1167,8.17222,30.872727272727275,14
1168,8.13881,29.840000000000003,14
1169,8.10539,28.78333333333333,14
1170,8.07633,27.645454545454548,14
1171,8.04435,26.581818181818186,14
1172,8.00655,25.5,14
1173,7.96147,24.55,14
1174,7.91201,23.48333333333333,14
1175,7.8567,22.4,14
1176,7.79992,21.40909090909091,14
1177,7.7402,20.4,14
1178,7.68337,19.4,14
1179,7.64256,18.363636363636363,14
1180,7.60464,17.3,14
1181,7.5711,16.20909090909091,14
1182,7.53608,15.154545454545453,14
1183,7.49668,14.1,14
1184,7.45143,13.054545454545456,14
1185,7.40177,11.972727272727273,14
1186,7.34918,10.972727272727273,14
1187,7.29364,9.900000000000002,14
1188,7.23954,9.027272727272733,14
1189,7.18395,8.436363636363637,14
1190,7.13713,7.550000000000001,14
1191,7.09321,6.616666666666667,14
1192,7.0522,5.6,14
1193,7.01412,4.6,14
1194,6.97015,3.945454545454544,14
1195,6.91738,3.254545454545456,14
1196,6.86311,2.2153846153846164,14
1197,6.81176,1.1166666666666671,14
1198,6.76919,0.7272727272727302,14
1199,6.72955,0.6454545454545446,14
1200,,188.9083333333334,15
1201,,188.8818181818182,15
1202,,188.8,15
1203,,188.8416666666667,15
1204,,188.8363636363636,15
1205,9.68103,188.11818181818185,15
1206,9.68822,187.1,15
1207,9.69397,186.26,15
1208,9.7026,186.1833333333333,15
1209,9.7098,186.85454545454544,15
1210,9.71699,186.5909090909091,15
1211,9.72418,185.51818181818183,15
1212,9.73281,184.47272727272727,15
1213,9.74,183.44,15
1214,9.74719,182.35,15
1215,9.75294,181.3,15
1216,9.76013,180.3,15
1217,9.76589,179.34545454545452,15
1218,9.77451,178.5,15
1219,9.78026,177.54999999999998,15
1220,9.78745,176.46363636363637,15
1221,9.79608,175.4,15
1222,9.80327,174.4727272727273,15
1223,9.80902,173.54000000000002,15
1224,9.81477,172.45000000000002,15
1225,9.82196,171.3272727272727,15
1226,9.82915,170.41000000000005,15
1227,9.8349,169.4,15
1228,9.84065,168.3090909090909,15
1229,9.84927,167.24545454545455,15
1230,9.85646,166.29999999999998,15
1231,9.86364,165.29999999999998,15
1232,9.87083,164.23636363636365,15
1233,9.87945,163.24545454545452,15
1234,9.88664,162.29999999999998,15
1235,9.89526,161.39090909090908,15
1236,9.90244,160.45999999999998,15
1237,9.91106,159.55833333333334,15
1238,9.91968,158.5909090909091,15
1239,9.92831,157.61818181818182,15
1240,9.93549,156.70909090909092,15
1241,9.94267,155.83636363636364,15
1242,9.94698,154.9,15
1243,9.95273,153.94545454545457,15
1244,9.95991,153.0,15
1245,9.96566,152.0,15
1246,9.96709,151.0,15
1247,9.96709,150.0,15
1248,9.96566,149.0090909090909,15
1249,9.96422,148.06363636363636,15
1250,9.96135,147.15,15
1251,9.95704,146.15,15
1252,9.95416,145.1,15
1253,9.95129,144.06363636363636,15
1254,9.94985,143.08181818181816,15
1255,9.94698,142.08,15
1256,9.94555,141.15,15
1257,9.94555,140.1727272727273,15
1258,9.94698,139.24545454545455,15
1259,9.94985,138.33636363636364,15
1260,9.95273,137.38181818181818,15
1261,9.9556,136.46363636363637,15
1262,9.95847,135.5,15
1263,9.95991,134.5,15
1264,9.96278,133.5090909090909,15
1265,9.96566,132.57,15
1266,9.96853,131.54999999999998,15
1267,9.97284,130.5,15
1268,9.97571,129.58181818181816,15
1269,9.98146,128.63636363636363,15
1270,9.9872,127.75000000000004,15
1271,9.99295,126.76666666666668,15
1272,9.99725,125.79090909090908,15
1273,10.003,124.82727272727274,15
1274,10.00874,123.9,15
1275,10.01449,123.04,15
1276,10.02023,122.09166666666668,15
1277,10.02598,121.0909090909091,15
1278,10.03172,120.17272727272729,15
1279,10.03746,119.15454545454546,15
1280,10.04177,118.14545454545456,15
1281,10.04751,117.1181818181818,15
1282,10.05326,116.1,15
1283,10.059,115.13636363636364,15
1284,10.06474,114.25,15
1285,10.06905,113.25,15
1286,10.07336,112.2,15
1287,10.07766,111.25,15
1288,10.08341,110.2666666666667,15
1289,10.09058,109.2,15
1290,10.09776,108.25,15
1291,10.10494,107.25,15
1292,10.11068,106.2,15
1293,10.11786,105.2,15
1294,10.1236,104.2,15
1295,10.12934,103.25,15
1296,10.13364,102.25,15
1297,10.13795,101.2,15
1298,10.14082,100.25,15
1299,10.14369,99.25,15
1300,10.14369,98.2,15
1301,10.14369,97.2,15
1302,10.14369,96.2,15
1303,10.14369,95.2,15
1304,10.14369,94.25,15
1305,10.14369,93.34166666666668,15
1306,10.14369,92.3,15
1307,10.14226,91.35,15
1308,10.14226,90.40833333333336,15
1309,10.14226,89.4,15
1310,10.14226,88.53,15
1311,10.14082,87.55833333333334,15
1312,10.13795,86.58181818181816,15
1313,10.13508,85.6,15
1314,10.13077,84.69090909090909,15
1315,10.1279,83.7,15
1316,10.1236,82.75,15
1317,10.11786,81.75,15
1318,10.11212,80.7,15
1319,10.10781,79.75,15
1320,10.10207,78.75,15
1321,10.09633,77.7,15
1322,10.09058,76.63636363636364,15
1323,10.08341,75.60000000000001,15
1324,10.07479,74.60000000000001,15
1325,10.06331,73.65,15
1326,10.05469,72.59166666666667,15
1327,10.04321,71.57272727272726,15
1328,10.03028,70.50909090909092,15
1329,10.0188,69.5,15
1330,10.00874,68.5,15
1331,9.99869,67.5,15
1332,9.9872,66.5,15
1333,9.97284,65.5,15
1334,9.96135,64.5,15
1335,9.95129,63.48181818181818,15
1336,9.94124,62.490909090909085,15
1337,9.93118,61.48,15
1338,9.92256,60.44166666666666,15
1339,9.9125,59.30909090909091,15
1340,9.90244,58.3,15
1341,9.89382,57.3,15
1342,9.8852,56.3,15
1343,9.87801,55.35,15
1344,9.86508,54.30833333333332,15
1345,9.85071,53.2,15
1346,9.83058,52.24,15
1347,9.80614,51.25,15
1348,9.77739,50.2,15
1349,9.74719,49.28181818181818,15
1350,9.71267,48.3,15
1351,9.67671,47.3,15
1352,9.64074,46.26363636363636,15
1353,9.60188,45.2,15
1354,9.56302,44.25,15
1355,9.5227,43.15833333333334,15
1356,9.48238,42.1,15
1357,9.44205,41.15,15
1358,9.40603,40.150000000000006,15
1359,9.37144,39.1,15
1360,9.33685,38.118181818181824,15
1361,9.30369,37.13636363636363,15
1362,9.26909,36.2,15
1363,9.23592,35.190909090909095,15
1364,9.20563,34.1,15
1365,9.17966,33.11999999999999,15
1366,9.15513,32.083333333333336,15
1367,9.12482,30.872727272727275,15
1368,9.09306,29.840000000000003,15
1369,9.05986,28.78333333333333,15
1370,9.02664,27.645454545454548,15
1371,8.99054,26.581818181818186,15
1372,8.95297,25.5,15
1373,8.91396,24.55,15
1374,8.87638,23.48333333333333,15
1375,8.8359,22.4,15
1376,8.7983,21.40909090909091,15
1377,8.75924,20.4,15
1378,8.72163,19.4,15
1379,8.68545,18.363636363636363,15
1380,8.64926,17.3,15
1381,8.61162,16.20909090909091,15
1382,8.57252,15.154545454545453,15
1383,8.5334,14.1,15
1384,8.49573,13.054545454545456,15
1385,8.46385,11.972727272727273,15
1386,8.44935,10.972727272727273,15
1387,8.44645,9.900000000000002,15
1388,8.4508,9.027272727272733,15
1389,8.46095,8.436363636363637,15
1390,8.47544,7.550000000000001,15
1391,8.48559,6.616666666666667,15
1392,8.48849,5.6,15
1393,8.50081,4.6,15
1394,8.510087,3.945454545454544,15
1395,8.519364,3.254545454545456,15
1396,8.528641,2.2153846153846164,15
1397,8.537918,1.1166666666666671,15
1398,8.547195,0.7272727272727302,15
1399,8.556472,0.6454545454545446,15
1400,9.93549,188.9083333333334,16
1401,9.93262,188.8818181818182,16
1402,9.92974,188.8,16
1403,9.92687,188.8416666666667,16
1404,9.92543,188.8363636363636,16
1405,9.92543,188.11818181818185,16
1406,9.92543,187.1,16
1407,9.924,186.26,16
1408,9.924,186.1833333333333,16
1409,9.92543,186.85454545454544,16
1410,9.92687,186.5909090909091,16
1411,9.92831,185.51818181818183,16
1412,9.93262,184.47272727272727,16
1413,9.93693,183.44,16
1414,9.9398,182.35,16
1415,9.94555,181.3,16
1416,9.94985,180.3,16
1417,9.95416,179.34545454545452,16
1418,9.95847,178.5,16
1419,9.96278,177.54999999999998,16
1420,9.96709,176.46363636363637,16
1421,9.96997,175.4,16
1422,9.97284,174.4727272727273,16
1423,9.97571,173.54000000000002,16
1424,9.97715,172.45000000000002,16
1425,9.98002,171.3272727272727,16
1426,9.98433,170.41000000000005,16
1427,9.9872,169.4,16
1428,9.99007,168.3090909090909,16
1429,9.99438,167.24545454545455,16
1430,10.00013,166.29999999999998,16
1431,10.00587,165.29999999999998,16
1432,10.01305,164.23636363636365,16
1433,10.0188,163.24545454545452,16
1434,10.0231,162.29999999999998,16
1435,10.02741,161.39090909090908,16
1436,10.03172,160.45999999999998,16
1437,10.03746,159.55833333333334,16
1438,10.04464,158.5909090909091,16
1439,10.05326,157.61818181818182,16
1440,10.06187,156.70909090909092,16
1441,10.07049,155.83636363636364,16
1442,10.08054,154.9,16
1443,10.09058,153.94545454545457,16
1444,10.10207,153.0,16
1445,10.11212,152.0,16
1446,10.12216,151.0,16
1447,10.13221,150.0,16
1448,10.14082,149.0090909090909,16
1449,10.14943,148.06363636363636,16
1450,10.15661,147.15,16
1451,10.16522,146.15,16
1452,10.17382,145.1,16
1453,10.18387,144.06363636363636,16
1454,10.19535,143.08181818181816,16
1455,10.20682,142.08,16
1456,10.21687,141.15,16
1457,10.22834,140.1727272727273,16
1458,10.23838,139.24545454545455,16
1459,10.24842,138.33636363636364,16
1460,10.25846,137.38181818181818,16
1461,10.2685,136.46363636363637,16
1462,10.27711,135.5,16
1463,10.28858,134.5,16
1464,10.30005,133.5090909090909,16
1465,10.31152,132.57,16
1466,10.323,131.54999999999998,16
1467,10.33447,130.5,16
1468,10.3445,129.58181818181816,16
1469,10.35597,128.63636363636363,16
1470,10.36744,127.75000000000004,16
1471,10.37891,126.76666666666668,16
1472,10.39037,125.79090909090908,16
1473,10.40327,124.82727272727274,16
1474,10.41617,123.9,16
1475,10.42764,123.04,16
1476,10.4391,122.09166666666668,16
1477,10.44913,121.0909090909091,16
1478,10.45916,120.17272727272729,16
1479,10.46633,119.15454545454546,16
1480,10.47349,118.14545454545456,16
1481,10.47779,117.1181818181818,16
1482,10.48352,116.1,16
1483,10.48925,115.13636363636364,16
1484,10.49355,114.25,16
1485,10.49784,113.25,16
1486,10.50071,112.2,16
1487,10.50501,111.25,16
1488,10.50644,110.2666666666667,16
1489,10.50787,109.2,16
1490,10.50787,108.25,16
1491,10.50644,107.25,16
1492,10.50357,106.2,16
1493,10.49928,105.2,16
1494,10.49355,104.2,16
1495,10.49068,103.25,16
1496,10.48782,102.25,16
1497,10.48495,101.2,16
1498,10.48495,100.25,16
1499,10.48782,99.25,16
1500,10.49211,98.2,16
1501,10.49784,97.2,16
1502,10.50357,96.2,16
1503,10.5093,95.2,16
1504,10.51647,94.25,16
1505,10.52363,93.34166666666668,16
1506,10.52936,92.3,16
1507,10.53652,91.35,16
1508,10.54225,90.40833333333336,16
1509,10.54655,89.4,16
1510,10.54941,88.53,16
1511,10.55228,87.55833333333334,16
1512,10.55657,86.58181818181816,16
1513,10.56087,85.6,16
1514,10.56516,84.69090909090909,16
1515,10.56946,83.7,16
1516,10.56946,82.75,16
1517,10.5666,81.75,16
1518,10.55944,80.7,16
1519,10.55514,79.75,16
1520,10.54798,78.75,16
1521,10.53939,77.7,16
1522,10.53222,76.63636363636364,16
1523,10.52506,75.60000000000001,16
1524,10.5179,74.60000000000001,16
1525,10.51217,73.65,16
1526,10.50644,72.59166666666667,16
1527,10.50071,71.57272727272726,16
1528,10.49355,70.50909090909092,16
1529,10.48638,69.5,16
1530,10.47779,68.5,16
1531,10.47062,67.5,16
1532,10.46203,66.5,16
1533,10.45486,65.5,16
1534,10.44483,64.5,16
1535,10.43767,63.48181818181818,16
1536,10.4305,62.490909090909085,16
1537,10.42334,61.48,16
1538,10.4176,60.44166666666666,16
1539,10.41044,59.30909090909091,16
1540,10.40184,58.3,16
1541,10.39467,57.3,16
1542,10.38751,56.3,16
1543,10.38034,55.35,16
1544,10.37461,54.30833333333332,16
1545,10.37031,53.2,16
1546,10.36601,52.24,16
1547,10.36027,51.25,16
1548,10.34737,50.2,16
1549,10.3273,49.28181818181818,16
1550,10.30579,48.3,16
1551,10.27998,47.3,16
1552,10.2556,46.26363636363636,16
1553,10.23265,45.2,16
1554,10.21113,44.25,16
1555,10.18817,43.15833333333334,16
1556,10.16378,42.1,16
1557,10.13938,41.15,16
1558,10.11499,40.150000000000006,16
1559,10.09058,39.1,16
1560,10.06618,38.118181818181824,16
1561,10.04464,37.13636363636363,16
1562,10.02598,36.2,16
1563,10.01449,35.190909090909095,16
1564,10.00444,34.1,16
1565,9.99007,33.11999999999999,16
1566,9.97284,32.083333333333336,16
1567,9.95129,30.872727272727275,16
1568,9.92543,29.840000000000003,16
1569,9.89957,28.78333333333333,16
1570,9.87227,27.645454545454548,16
1571,9.84496,26.581818181818186,16
1572,9.81621,25.5,16
1573,9.78889,24.55,16
1574,9.76013,23.48333333333333,16
1575,9.73137,22.4,16
1576,9.7026,21.40909090909091,16
1577,9.67383,20.4,16
1578,9.64793,19.4,16
1579,9.62059,18.363636363636363,16
1580,9.59037,17.3,16
1581,9.5587,16.20909090909091,16
1582,9.52558,15.154545454545453,16
1583,9.49678,14.1,16
1584,9.47518,13.054545454545456,16
1585,9.45789,11.972727272727273,16
1586,9.44493,10.972727272727273,16
1587,9.4334,9.900000000000002,16
1588,9.42764,9.027272727272733,16
1589,9.42044,8.436363636363637,16
1590,9.41179,7.550000000000001,16
1591,9.39738,6.616666666666667,16
1592,9.37577,5.6,16
1593,9.34406,4.6,16
1594,9.30514,3.945454545454544,16
1595,9.25755,3.254545454545456,16
1596,9.20563,2.2153846153846164,16
1597,9.17389,1.1166666666666671,16
1598,9.13925,0.7272727272727302,16
1599,9.10894,0.6454545454545446,16
